Beach,Location,Feature,Gear_Number,Accuracy,x,y
Sunshine Coast South & Bribie Island,Alexandra Headland,Net,"7",,153.1151083000,-26.6667083300
Sunshine Coast South & Bribie Island,Alexandra Headland,Net,"8",,153.1176333000,-26.6699000000
Townsville,Alma Bay,Drum Line,"0",Approximate Location,146.8739600000,-19.1498900000
Townsville,Alma Bay,Drum Line,"15",,146.8744000000,-19.1518666700
Townsville,Alma Bay,Drum Line,"16",,146.8739167000,-19.1507000000
Townsville,Alma Bay,Drum Line,"17",,146.8738833000,-19.1503166700
Townsville,Alma Bay,Drum Line,"18",,146.8736667000,-19.1490666700
Townsville,Alma Bay,Drum Line,"19",,146.8735333000,-19.1487000000
Townsville,Alma Bay,Drum Line,"20",,146.8738167000,-19.1475333300
Nth Stradbroke Is.,Amity Point,Drum Line,"1",,153.4348717000,-27.4069050000
Nth Stradbroke Is.,Amity Point,Drum Line,"2",,153.4355667000,-27.4051266700
Nth Stradbroke Is.,Amity Point,Drum Line,"3",,153.4364950000,-27.4017983300
Nth Stradbroke Is.,Amity Point,Drum Line,"4",,153.4393800000,-27.3918033300
Nth Stradbroke Is.,Amity Point,Drum Line,"5",,153.4403967000,-27.3908083300
Nth Stradbroke Is.,Amity Point,Drum Line,"6",,153.4410333000,-27.3904133300
Nth Stradbroke Is.,Amity Point,Drum Line,"7",,153.4425683000,-27.3886133300
Nth Stradbroke Is.,Amity Point,Drum Line,"8",,153.4437900000,-27.3876050000
Bundaberg,Bargara Beach,Drum Line,"7",Approximate Location,152.4668100000,-24.8076700000
Bundaberg,Bargara Beach,Drum Line,"9",,152.4663667000,-24.8088500000
Bundaberg,Bargara Beach,Drum Line,"10",,152.4669500000,-24.8107166700
Bundaberg,Bargara Beach,Drum Line,"11",,152.4674167000,-24.8126000000
Gold Coast,Bilinga Beach,Net,"9",,153.5112500000,-28.1512333400
Mackay,Blacks Beach,Drum Line,"0",Approximate Location,149.1940298980,-21.0477222756
Mackay,Blacks Beach,Drum Line,"19",,149.1910500000,-21.0437833300
Mackay,Blacks Beach,Drum Line,"20",,149.1915167000,-21.0443833300
Mackay,Blacks Beach,Drum Line,"21",,149.1918667000,-21.0447500000
Mackay,Blacks Beach,Drum Line,"22",,149.1922500000,-21.0453666700
Mackay,Blacks Beach,Drum Line,"23",,149.1928667000,-21.0463833300
Mackay,Blacks Beach,Drum Line,"24",,149.1929500000,-21.0471000000
Sunshine Coast South & Bribie Island,Bribie Island,Drum Line,"0",Approximate Location,153.1245100000,-27.0389300000
Sunshine Coast South & Bribie Island,Bribie Island,Drum Line,"61",Approximate Location,153.1215100000,-27.0329000000
Sunshine Coast South & Bribie Island,Bribie Island,Drum Line,"64",Approximate Location,153.1228000000,-27.0350000000
Sunshine Coast South & Bribie Island,Bribie Island,Drum Line,"65",Approximate Location,153.1228900000,-27.0353000000
Sunshine Coast South & Bribie Island,Bribie Island,Drum Line,"66",Approximate Location,153.1266900000,-27.0455000000
Sunshine Coast South & Bribie Island,Bribie Island,Drum Line,"67",Approximate Location,153.1239000000,-27.0370000000
Sunshine Coast South & Bribie Island,Bribie Island,Drum Line,"69",Approximate Location,153.1266900000,-27.0455000000
Sunshine Coast South & Bribie Island,Bribie Island,Drum Line,"71",Approximate Location,153.2128667000,-27.0737500000
Sunshine Coast South & Bribie Island,Bribie Island,Drum Line,"72",Approximate Location,153.1228000000,-27.0350000000
Sunshine Coast South & Bribie Island,Bribie Island,Drum Line,"74",Approximate Location,153.1266900000,-27.0455000000
Sunshine Coast South & Bribie Island,Bribie Island,Drum Line,"75",Approximate Location,153.1215100000,-27.0329000000
Sunshine Coast South & Bribie Island,Bribie Island,Drum Line,"76",Approximate Location,153.1228000000,-27.0350000000
Sunshine Coast South & Bribie Island,Bribie Island,Drum Line,"77",Approximate Location,153.1215100000,-27.0329000000
Sunshine Coast South & Bribie Island,Bribie Island,Drum Line,"78",Approximate Location,153.1245100000,-27.0389300000
Gold Coast,Broadbeach,Drum Line,"15",,153.4406833000,-28.0199333300
Gold Coast,Broadbeach,Drum Line,"16",,153.4410500000,-28.0218166700
Mackay,Bucasia Beach,Drum Line,"1",,149.1614833000,-21.0160500000
Mackay,Bucasia Beach,Drum Line,"2",,149.1623833000,-21.0180333300
Mackay,Bucasia Beach,Drum Line,"3",,149.1628333000,-21.0196333300
Mackay,Bucasia Beach,Drum Line,"4",,149.1635833000,-21.0211833300
Mackay,Bucasia Beach,Drum Line,"5",,149.1642167000,-21.0228833300
Mackay,Bucasia Beach,Drum Line,"6",,149.1650167000,-21.0246166700
Cairns,Buchans Point Beach,Drum Line,"0",Approximate Location,145.6635282000,-16.7263469100
Cairns,Buchans Point Beach,Drum Line,"8",,145.6629667000,-16.7256333300
Cairns,Buchans Point Beach,Drum Line,"9",,145.6638167000,-16.7262000000
Sunshine Coast South & Bribie Island,Buddina Beach,Drum Line,"42",,153.1400167000,-26.7018000000
Sunshine Coast South & Bribie Island,Buddina Beach,Drum Line,"43",,153.1398667000,-26.7029833300
Sunshine Coast South & Bribie Island,Buddina Beach,Drum Line,"44",,153.1397833000,-26.7036166700
Sunshine Coast South & Bribie Island,Buddina Beach,Drum Line,"45",,153.1397167000,-26.7039833300
Sunshine Coast South & Bribie Island,Buddina Beach,Drum Line,"46",,153.1396167000,-26.7054500000
Sunshine Coast South & Bribie Island,Buddina Beach,Drum Line,"47",,153.1396833000,-26.7060000000
Gold Coast,Burleigh Beach,Net,"6",,153.4596667000,-28.0818916700
Sunshine Coast South & Bribie Island,Caloundra Beach,Net,"11",,153.1461833000,-26.8073000000
Cairns,Clifton Beach,Drum Line,"0",Approximate Location,145.6806300000,-16.7611800000
Cairns,Clifton Beach,Drum Line,"19",Approximate Location,145.6806300000,-16.7611800000
Cairns,Clifton Beach,Drum Line,"19",,145.6814500000,-16.7585666700
Cairns,Clifton Beach,Drum Line,"20",,145.6821000000,-16.7592500000
Cairns,Clifton Beach,Drum Line,"21",,145.6823333000,-16.7597833300
Cairns,Clifton Beach,Drum Line,"22",,145.6829000000,-16.7605000000
Cairns,Clifton Beach,Net,"0",Approximate Location,145.6806300000,-16.7611800000
Capricorn Coast,Cooee Bay,Drum Line,"0",Approximate Location,150.7628000000,-23.1399000000
Capricorn Coast,Cooee Bay,Drum Line,"11",,150.7618167000,-23.1376666700
Capricorn Coast,Cooee Bay,Drum Line,"12",,150.7621500000,-23.1382000000
Capricorn Coast,Cooee Bay,Drum Line,"13",Approximate Location,150.7628300000,-23.1398300000
Capricorn Coast,Cooee Bay,Drum Line,"14",,150.7627833000,-23.1394166700
Capricorn Coast,Cooee Bay,Drum Line,"15",,150.7632333000,-23.1399666700
Capricorn Coast,Cooee Bay,Drum Line,"16",,150.7635833000,-23.1404333300
Gold Coast,Coolangatta Beach,Net,"11",,153.5387333000,-28.1596666700
Sunshine Coast North,Coolum Beach,Net,"3",,153.0985167000,-26.5307000000
Sunshine Coast South & Bribie Island,Currimundi Beach,Drum Line,"48",,153.1404500000,-26.7647333300
Sunshine Coast South & Bribie Island,Currimundi Beach,Drum Line,"49",,153.1407167000,-26.7656500000
Sunshine Coast South & Bribie Island,Currimundi Beach,Drum Line,"50",,153.1411333000,-26.7668000000
Sunshine Coast South & Bribie Island,Currimundi Beach,Drum Line,"51",,153.1411667000,-26.7673833300
Gold Coast,Currumbin Beach,Net,"8",,153.4942667000,-28.1288666700
Nth Stradbroke Is.,Cylinder Beach,Drum Line,"12",,153.5107700000,-27.3876050000
Nth Stradbroke Is.,Cylinder Beach,Drum Line,"13",,153.5147250000,-27.3876050000
Nth Stradbroke Is.,Cylinder Beach,Drum Line,"14",,153.5184850000,-27.3876050000
Nth Stradbroke Is.,Cylinder Beach,Drum Line,"15",,153.5236150000,-27.3876050000
Nth Stradbroke Is.,Cylinder Beach,Drum Line,"16",,153.5236150000,-27.3876050000
Nth Stradbroke Is.,Cylinder Beach,Drum Line,"17",,153.5258683000,-27.3876050000
Nth Stradbroke Is.,Cylinder Beach,Drum Line,"18",,153.5273317000,-27.3876050000
Nth Stradbroke Is.,Cylinder Beach,Drum Line,"19",,153.5306100000,-27.3876050000
Nth Stradbroke Is.,Cylinder Beach,Drum Line,"20",,153.5333083000,-27.3876050000
Nth Stradbroke Is.,Cylinder Beach,Drum Line,"21",,153.5357333000,-27.3876050000
Nth Stradbroke Is.,Cylinder Beach,Drum Line,"22",,153.5368950000,-27.3876050000
Nth Stradbroke Is.,Cylinder Beach,Drum Line,"23",,153.5389133000,-27.3876050000
Mackay,Eimeo Beach,Drum Line,"0",Approximate Location,149.1785617307,-21.0299479018
Mackay,Eimeo Beach,Drum Line,"13",,149.1790500000,-21.0300666700
Mackay,Eimeo Beach,Drum Line,"14",,149.1798667000,-21.0304333300
Mackay,Eimeo Beach,Drum Line,"15",,149.1806833000,-21.0307666700
Mackay,Eimeo Beach,Drum Line,"16",,149.1815167000,-21.0310833300
Mackay,Eimeo Beach,Drum Line,"17",,149.1824667000,-21.0314333300
Mackay,Eimeo Beach,Drum Line,"18",,149.1834167000,-21.0316833300
Mackay,Eimeo Beach,Net,"0",Approximate Location,149.1810954525,-21.0308452616
Mackay,Eimeo Beach,Net,"3",Approximate Location,149.1803036645,-21.0305813323
Gold Coast,Elkhorn Ave,Drum Line,"0",Approximate Location,153.4376000000,-27.9982000000
Gold Coast,Elkhorn Ave,Drum Line,"10",,153.4376500000,-27.9982000000
Gold Coast,Elkhorn Ave,Drum Line,"11",,153.4378333000,-27.9990333300
Cairns,Ellis Beach,Drum Line,"1",,145.6484167000,-16.7195833300
Cairns,Ellis Beach,Drum Line,"2",,145.6489500000,-16.7202666700
Cairns,Ellis Beach,Drum Line,"3",,145.6496167000,-16.7209666700
Cairns,Ellis Beach,Drum Line,"4",,145.6502833000,-16.7214666700
Cairns,Ellis Beach,Drum Line,"5",,145.6510500000,-16.7221166700
Cairns,Ellis Beach,Drum Line,"6",,145.6516000000,-16.7226333300
Cairns,Ellis Beach,Drum Line,"7",,145.6521667000,-16.7232666700
Cairns,Ellis Beach,Net,"1",Approximate Location,145.6493400000,-16.7217700000
Capricorn Coast,Emu Park,Drum Line,"0",Approximate Location,150.8313100000,-23.2606200000
Capricorn Coast,Emu Park,Drum Line,"48",,150.8326333000,-23.2598666700
Capricorn Coast,Emu Park,Drum Line,"49",,150.8323667000,-23.2615333300
Capricorn Coast,Emu Park,Drum Line,"50",,150.8325333000,-23.2606500000
Capricorn Coast,Emu Park,Drum Line,"51",,150.8322500000,-23.2624500000
Capricorn Coast,Emu Park,Drum Line,"52",,150.8320500000,-23.2632833300
Capricorn Coast,Emu Park,Drum Line,"53",,150.8319667000,-23.2642333300
Capricorn Coast,Emu Park,Drum Line,"54",,150.8318500000,-23.2650500000
Capricorn Coast,Farnborough Beach,Drum Line,"1",,150.7540500000,-23.1140166700
Capricorn Coast,Farnborough Beach,Drum Line,"2",,150.7538667000,-23.1156333300
Capricorn Coast,Farnborough Beach,Drum Line,"3",,150.7536833000,-23.1173166700
Capricorn Coast,Farnborough Beach,Drum Line,"4",,150.7542500000,-23.1123000000
Capricorn Coast,Farnborough Beach,Drum Line,"5",,150.7533333000,-23.1209166700
Capricorn Coast,Fishermans Beach,Drum Line,"0",Approximate Location,150.8260700000,-23.2464300000
Capricorn Coast,Fishermans Beach,Drum Line,"40",Approximate Location,150.8259900000,-23.2451700000
Capricorn Coast,Fishermans Beach,Drum Line,"41",Approximate Location,150.8258400000,-23.2476700000
Capricorn Coast,Fishermans Beach,Drum Line,"43",,150.8285000000,-23.2410833300
Capricorn Coast,Fishermans Beach,Drum Line,"44",,150.8285000000,-23.2420833300
Capricorn Coast,Fishermans Beach,Drum Line,"45",,150.8285000000,-23.2430833300
Capricorn Coast,Fishermans Beach,Drum Line,"46",,150.8285000000,-23.2441500000
Capricorn Coast,Fishermans Beach,Drum Line,"47",,150.8283500000,-23.2452833300
Capricorn Coast,Fishermans Beach,Drum Line,"48",Approximate Location,150.8259900000,-23.2451700000
Nth Stradbroke Is.,Flinders Beach,Drum Line,"9",,153.4913333000,-27.3876050000
Nth Stradbroke Is.,Flinders Beach,Drum Line,"10",,153.4943333000,-27.3876050000
Nth Stradbroke Is.,Flinders Beach,Drum Line,"11",,153.4981667000,-27.3876050000
Townsville,Florence Bay,Drum Line,"0",Approximate Location,146.8826600000,-19.1234300000
Townsville,Florence Bay,Drum Line,"21",,146.8853500000,-19.1254166700
Townsville,Florence Bay,Drum Line,"22",,146.8853667000,-19.1240833300
Townsville,Florence Bay,Drum Line,"23",,146.8853167000,-19.1232833300
Townsville,Florence Bay,Drum Line,"24",,146.8854833000,-19.1232500000
Townsville,Florence Bay,Drum Line,"25",,146.8855333000,-19.1224333300
Sunshine Coast North,Glen Eden Beach,Drum Line,"13",,153.1054000000,-26.4704333300
Sunshine Coast North,Glen Eden Beach,Drum Line,"14",,153.1053833000,-26.4712333300
Sunshine Coast North,Glen Eden Beach,Drum Line,"15",,153.1051000000,-26.4726000000
Gold Coast,Greenmount Beach,Drum Line,"28",Approximate Location,153.5320519000,-28.1603094000
Gold Coast,Greenmount Beach,Drum Line,"29",Approximate Location,153.5320519000,-28.1603094000
Mackay,Harbour Beach,Drum Line,"37",,149.2284833000,-21.1170833300
Mackay,Harbour Beach,Drum Line,"38",,149.2284333000,-21.1179333300
Mackay,Harbour Beach,Drum Line,"39",,149.2283333000,-21.1187500000
Mackay,Harbour Beach,Drum Line,"40",,149.2281000000,-21.1189666700
Mackay,Harbour Beach,Drum Line,"41",,149.2279833000,-21.1197000000
Mackay,Harbour Beach,Drum Line,"42",,149.2276500000,-21.1204166700
Mackay,Harbour Beach,Drum Line,"43",,149.2276667000,-21.1207833300
Mackay,Harbour Beach,Drum Line,"44",,149.2273500000,-21.1214500000
Mackay,Harbour Beach,Drum Line,"45",,149.2274167000,-21.1219333300
Mackay,Harbour Beach,Drum Line,"49",,149.2266167000,-21.1227000000
Mackay,Harbour Beach,Drum Line,"50",,149.2263333000,-21.1236666700
Mackay,Harbour Beach,Drum Line,"51",,149.2259833000,-21.1246166700
Mackay,Harbour Beach,Net,"1",,149.2268167000,-21.1185250000
Mackay,Harbour Beach,Net,"2",,149.2262750000,-21.1211083300
Cairns,Holloways Beach,Drum Line,"0",Approximate Location,145.7459900000,-16.8339200000
Cairns,Holloways Beach,Drum Line,"34",,145.7474833000,-16.8292833300
Cairns,Holloways Beach,Drum Line,"35",,145.7477667000,-16.8301833300
Cairns,Holloways Beach,Drum Line,"36",,145.7479833000,-16.8309166700
Cairns,Holloways Beach,Drum Line,"37",,145.7483500000,-16.8315666700
Cairns,Holloways Beach,Drum Line,"38",,145.7487000000,-16.8321000000
Townsville,Horseshoe Bay,Drum Line,"31",,146.8596167000,-19.1055333300
Townsville,Horseshoe Bay,Drum Line,"32",,146.8594500000,-19.1065333300
Townsville,Horseshoe Bay,Drum Line,"33",,146.8592667000,-19.1075500000
Townsville,Horseshoe Bay,Drum Line,"34",,146.8591333000,-19.1086500000
Townsville,Horseshoe Bay,Drum Line,"35",,146.8558500000,-19.1150166700
Townsville,Horseshoe Bay,Drum Line,"36",,146.8542333000,-19.1151500000
Townsville,Horseshoe Bay,Drum Line,"37",,146.8525167000,-19.1150833300
Townsville,Horseshoe Bay,Drum Line,"38",,146.8508000000,-19.1149000000
Townsville,Horseshoe Bay,Drum Line,"39",,146.8491167000,-19.1144500000
Townsville,Horseshoe Bay,Drum Line,"40",,146.8475167000,-19.1139166700
Townsville,Horseshoe Bay,Drum Line,"41",,146.8461667000,-19.1132500000
Townsville,Horseshoe Bay,Drum Line,"42",,146.8448000000,-19.1124500000
Sunshine Coast North,Hyatt Resort,Drum Line,"23",,153.1047667000,-26.5574166700
Sunshine Coast North,Hyatt Resort,Drum Line,"24",,153.1045500000,-26.5586833300
Sunshine Coast North,Hyatt Resort,Drum Line,"25",,153.1045000000,-26.5596500000
Sunshine Coast North,Hyatt Resort,Drum Line,"26",,153.1046333000,-26.5602166700
Bundaberg,Kellys Beach,Drum Line,"0",Approximate Location,152.4721500000,-24.8271700000
Bundaberg,Kellys Beach,Drum Line,"9",Approximate Location,152.4721500000,-24.8271700000
Bundaberg,Kellys Beach,Drum Line,"12",,152.4719500000,-24.8174833300
Bundaberg,Kellys Beach,Drum Line,"13",,152.4722833000,-24.8187500000
Bundaberg,Kellys Beach,Drum Line,"14",,152.4722333000,-24.8198666700
Bundaberg,Kellys Beach,Drum Line,"15",,152.4721333000,-24.8210500000
Bundaberg,Kellys Beach,Drum Line,"16",,152.4719000000,-24.8223666700
Bundaberg,Kellys Beach,Drum Line,"17",,152.4715333000,-24.8236166700
Bundaberg,Kellys Beach,Drum Line,"18",,152.4713167000,-24.8250500000
Bundaberg,Kellys Beach,Drum Line,"19",,152.4710667000,-24.8263833300
Bundaberg,Kellys Beach,Drum Line,"20",,152.4705667000,-24.8277500000
Capricorn Coast,Kemp Beach,Drum Line,"0",Approximate Location,150.7955200000,-23.1756700000
Capricorn Coast,Kemp Beach,Drum Line,"27",,150.7942833000,-23.1665500000
Capricorn Coast,Kemp Beach,Drum Line,"28",,150.7940833000,-23.1686833300
Capricorn Coast,Kemp Beach,Drum Line,"29",,150.7942667000,-23.1703333300
Capricorn Coast,Kemp Beach,Drum Line,"30",,150.7946667000,-23.1721000000
Capricorn Coast,Kemp Beach,Drum Line,"31",,150.7950500000,-23.1737833300
Capricorn Coast,Kemp Beach,Drum Line,"32",,150.7959667000,-23.1757500000
Gold Coast,Kirra Beach,Net,"10",,153.5353500000,-28.1581833300
Gold Coast,Kurrawa Beach,Net,"3",,153.4417333000,-28.0257250000
Mackay,Lamberts Beach,Drum Line,"0",Approximate Location,149.2310800000,-21.0800000000
Mackay,Lamberts Beach,Drum Line,"25",,149.2314000000,-21.0703166700
Mackay,Lamberts Beach,Drum Line,"26",,149.2313833000,-21.0712500000
Mackay,Lamberts Beach,Drum Line,"27",,149.2315667000,-21.0722833300
Mackay,Lamberts Beach,Drum Line,"28",,149.2314000000,-21.0730166700
Mackay,Lamberts Beach,Drum Line,"29",,149.2314667000,-21.0734833300
Mackay,Lamberts Beach,Drum Line,"30",,149.2318333000,-21.0746333300
Mackay,Lamberts Beach,Drum Line,"32",Approximate Location,149.2314000000,-21.0730170000
Mackay,Lamberts Beach,Drum Line,"33",Approximate Location,149.2313830000,-21.0712500000
Mackay,Lamberts Beach,Drum Line,"34",Approximate Location,149.2314000000,-21.0730170000
Mackay,Lamberts Beach,Drum Line,"35",Approximate Location,149.2318167000,-21.0744666700
Mackay,Lamberts Beach,Drum Line,"36",Approximate Location,149.2312167000,-21.0712000000
Capricorn Coast,Lammermoor Beach,Drum Line,"0",Approximate Location,150.7702000000,-23.1537300000
Capricorn Coast,Lammermoor Beach,Drum Line,"18",,150.7697167000,-23.1474833300
Capricorn Coast,Lammermoor Beach,Drum Line,"19",,150.7704833000,-23.1492666700
Capricorn Coast,Lammermoor Beach,Drum Line,"20",,150.7714000000,-23.1511333300
Capricorn Coast,Lammermoor Beach,Drum Line,"21",,150.7722000000,-23.1526333300
Capricorn Coast,Lammermoor Beach,Drum Line,"22",,150.7712333000,-23.1552666700
Capricorn Coast,Lammermoor Beach,Drum Line,"23",,150.7720500000,-23.1562500000
Capricorn Coast,Lammermoor Beach,Drum Line,"24",,150.7731333000,-23.1572333300
Capricorn Coast,Lammermoor Beach,Drum Line,"25",,150.7745833000,-23.1580500000
Capricorn Coast,Lammermoor Beach,Drum Line,"26",,150.7761667000,-23.1586666700
Capricorn Coast,Lammermoor Beach,Drum Line,"55",,150.7778167000,-23.1594666700
Capricorn Coast,Lammermoor Beach,Drum Line,"56",,150.7795333000,-23.1600833300
Gold Coast,Main Beach,Net,"1",,153.4359000000,-27.9746833400
Sunshine Coast North,Marcoola Beach,Net,"4",,153.1024667000,-26.5832416600
Sunshine Coast North,Maroochydore,Net,"5",,153.1111083000,-26.6535666600
Sunshine Coast North,Maroochydore,Net,"6",,153.1119833000,-26.6608916700
Gold Coast,Mermaid Beach,Net,"4",,153.4450417000,-28.0402250000
Gold Coast,Miami Beach,Net,"0",Approximate Location,153.4522500000,-28.0662250000
Gold Coast,Miami Beach,Net,"5",,153.4522500000,-28.0662250000
Sunshine Coast South & Bribie Island,Moffat Beach,Drum Line,"52",,153.1516000000,-26.7851833300
Sunshine Coast South & Bribie Island,Moffat Beach,Drum Line,"53",,153.1516833000,-26.7862166700
Sunshine Coast South & Bribie Island,Moffat Beach,Drum Line,"54",,153.1517333000,-26.7867333300
Sunshine Coast South & Bribie Island,Moffat Beach,Drum Line,"55",,153.1501833000,-26.8084833300
Sunshine Coast South & Bribie Island,Moffat Beach,Drum Line,"56",,153.1489833000,-26.8083833300
Sunshine Coast South & Bribie Island,Moffat Beach,Drum Line,"57",,153.1481000000,-26.8087333300
Sunshine Coast South & Bribie Island,Moffat Beach,Drum Line,"58",,153.1471833000,-26.8088166700
Sunshine Coast South & Bribie Island,Moffat Beach,Drum Line,"59",,153.1464333000,-26.8091000000
Sunshine Coast South & Bribie Island,Moffat Beach,Drum Line,"60",,153.1456333000,-26.8092500000
Sunshine Coast South & Bribie Island,Mooloolaba Beach,Net,"9",,153.1244250000,-26.6785833300
Sunshine Coast North,Mudjimba Beach,Drum Line,"31",,153.1047667000,-26.6115166700
Sunshine Coast North,Mudjimba Beach,Drum Line,"32",,153.1054833000,-26.6117166700
Sunshine Coast North,Mudjimba Beach,Drum Line,"33",,153.1055833000,-26.6124500000
Sunshine Coast North,Mudjimba Beach,Drum Line,"34",,153.1058333000,-26.6133166700
Capricorn Coast,Mulambin Beach,Drum Line,"0",Approximate Location,150.8051900000,-23.2244300000
Capricorn Coast,Mulambin Beach,Drum Line,"33",,150.7988667000,-23.1868666700
Capricorn Coast,Mulambin Beach,Drum Line,"34",,150.7988167000,-23.1882000000
Capricorn Coast,Mulambin Beach,Drum Line,"35",,150.7988000000,-23.1890500000
Capricorn Coast,Mulambin Beach,Drum Line,"36",,150.7986833000,-23.1902500000
Capricorn Coast,Mulambin Beach,Drum Line,"37",,150.7984833000,-23.1915833300
Gold Coast,Narrow Neck,Drum Line,"6",,153.4368167000,-27.9918000000
Gold Coast,Narrow Neck,Drum Line,"7",,153.4369667000,-27.9928166700
Bundaberg,Neilson Park,Drum Line,"0",Approximate Location,152.4590714973,-24.7991195545
Bundaberg,Neilson Park,Drum Line,"3",,152.4601333000,-24.7996333300
Bundaberg,Neilson Park,Drum Line,"4",,152.4615667000,-24.8008333300
Bundaberg,Neilson Park,Drum Line,"5",,152.4628333000,-24.8023666700
Bundaberg,Neilson Park,Drum Line,"6",,152.4637167000,-24.8035333300
Bundaberg,Neilson Park,Drum Line,"7",,152.4649333000,-24.8052500000
Bundaberg,Neilson Park,Drum Line,"8",,152.4658000000,-24.8071333300
Townsville,Nelly Bay,Drum Line,"6",,146.8487333000,-19.1768833300
Townsville,Nelly Bay,Drum Line,"7",,146.8491000000,-19.1761833300
Townsville,Nelly Bay,Drum Line,"8",,146.8495333000,-19.1753666700
Townsville,Nelly Bay,Drum Line,"9",,146.8503333000,-19.1738333300
Townsville,Nelly Bay,Drum Line,"10",,146.8509333000,-19.1726833300
Townsville,Nelly Bay,Drum Line,"11",,146.8517000000,-19.1709666700
Townsville,Nelly Bay,Drum Line,"12",,146.8524333000,-19.1696000000
Townsville,Nelly Bay,Drum Line,"13",Approximate Location,146.8517000000,-19.1717700000
Gold Coast,Nobbys Beach,Drum Line,"0",Approximate Location,153.4487000000,-28.0564000000
Gold Coast,Nobbys Beach,Drum Line,"16",Approximate Location,153.4487000000,-28.0564000000
Gold Coast,Nobbys Beach,Drum Line,"17",,153.4487000000,-28.0564000000
Gold Coast,Nobbys Beach,Drum Line,"18",,153.4488667000,-28.0579500000
Sunshine Coast North,Noosa,Drum Line,"1",,153.1082500000,-26.3705333300
Sunshine Coast North,Noosa,Drum Line,"2",,153.1092167000,-26.3701000000
Sunshine Coast North,Noosa,Drum Line,"3",,153.1099667000,-26.3698833300
Sunshine Coast North,Noosa,Net,"1",,153.0928667000,-26.3806083400
Sunshine Coast North,Noosa,Net,"2",,153.0947667000,-26.3792583300
Gold Coast,North Burleigh Beach,Drum Line,"19",,153.4535167000,-28.0719166700
Gold Coast,North Burleigh Beach,Drum Line,"20",,153.4540500000,-28.0729666700
Gold Coast,North Kirra Beach,Drum Line,"0",Approximate Location,153.5321333000,-28.1590166700
Gold Coast,North Kirra Beach,Drum Line,"26",,153.5321333000,-28.1590166700
Gold Coast,North Kirra Beach,Drum Line,"27",,153.5315833000,-28.1589833300
Sunshine Coast North,North Peregian Beach,Drum Line,"10",,153.1131833000,-26.4323666700
Sunshine Coast North,North Peregian Beach,Drum Line,"11",,153.1124833000,-26.4338500000
Sunshine Coast North,North Peregian Beach,Drum Line,"12",,153.1123833000,-26.4344333300
Gold Coast,Northcliffe,Drum Line,"0",Approximate Location,153.4383167000,-28.0098500000
Gold Coast,Northcliffe,Drum Line,"12",,153.4383167000,-28.0098500000
Gold Coast,Northcliffe,Drum Line,"13",,153.4387167000,-28.0111333300
Gold Coast,Northcliffe,Drum Line,"14",,153.4391333000,-28.0128333300
Bundaberg,Oak Beach,Drum Line,"1",,152.4210833000,-24.7691333300
Bundaberg,Oak Beach,Drum Line,"2",,152.4214500000,-24.7698000000
Nth Stradbroke Is.,Ocean Beach,Drum Line,"12",Approximate Location,153.5492900000,-27.4401000000
Nth Stradbroke Is.,Ocean Beach,Drum Line,"24",,153.5489867000,-27.3876050000
Nth Stradbroke Is.,Ocean Beach,Drum Line,"25",,153.5481017000,-27.3876050000
Nth Stradbroke Is.,Ocean Beach,Drum Line,"26",,153.5474917000,-27.3876050000
Nth Stradbroke Is.,Ocean Beach,Drum Line,"27",,153.5467933000,-27.3876050000
Nth Stradbroke Is.,Ocean Beach,Drum Line,"28",,153.5461133000,-27.3876050000
Nth Stradbroke Is.,Ocean Beach,Drum Line,"29",,153.5452850000,-27.3876050000
Nth Stradbroke Is.,Ocean Beach,Drum Line,"30",,153.5443783000,-27.3876050000
Nth Stradbroke Is.,Ocean Beach,Drum Line,"31",,153.5433483000,-27.3876050000
Nth Stradbroke Is.,Ocean Beach,Drum Line,"32",,153.5426117000,-27.3876050000
Nth Stradbroke Is.,Ocean Beach,Drum Line,"33",,153.5413400000,-27.3876050000
Nth Stradbroke Is.,Ocean Beach,Drum Line,"34",,153.5402633000,-27.3876050000
Nth Stradbroke Is.,Ocean Beach,Drum Line,"35",,153.5393700000,-27.3876050000
Townsville,Pallarenda Beach,Drum Line,"0",Approximate Location,146.7776300000,-19.1985800000
Townsville,Pallarenda Beach,Drum Line,"43",,146.7774333000,-19.1977833300
Townsville,Pallarenda Beach,Drum Line,"44",,146.7776167000,-19.1989000000
Townsville,Pallarenda Beach,Drum Line,"45",,146.7778500000,-19.1994000000
Gold Coast,Palm Beach,Drum Line,"0",Approximate Location,153.4788500000,-28.1146500000
Gold Coast,Palm Beach,Drum Line,"21",,153.4788500000,-28.1146500000
Gold Coast,Palm Beach,Drum Line,"22",,153.4798667000,-28.1161666700
Cairns,Palm Cove,Drum Line,"10",,145.6746667000,-16.7415000000
Cairns,Palm Cove,Drum Line,"11",,145.6749333000,-16.7424666700
Cairns,Palm Cove,Drum Line,"12",,145.6751000000,-16.7431166700
Cairns,Palm Cove,Drum Line,"13",,145.6751667000,-16.7439333300
Cairns,Palm Cove,Drum Line,"14",,145.6754000000,-16.7449000000
Cairns,Palm Cove,Drum Line,"15",,145.6755167000,-16.7456166700
Cairns,Palm Cove,Drum Line,"16",,145.6757333000,-16.7467000000
Cairns,Palm Cove,Drum Line,"17",,145.6758667000,-16.7473833300
Cairns,Palm Cove,Drum Line,"18",,145.6762167000,-16.7485333300
Sunshine Coast North,Peregian Beach,Drum Line,"16",,153.1037667000,-26.4811833300
Sunshine Coast North,Peregian Beach,Drum Line,"17",,153.1036167000,-26.4820000000
Sunshine Coast North,Peregian Beach,Drum Line,"18",,153.1034167000,-26.4825500000
Townsville,Picnic Bay,Drum Line,"1",,146.8383833000,-19.1827500000
Townsville,Picnic Bay,Drum Line,"2",,146.8389333000,-19.1831333300
Townsville,Picnic Bay,Drum Line,"4",,146.8440000000,-19.1824833300
Townsville,Picnic Bay,Drum Line,"5",,146.8445500000,-19.1830333300
Sunshine Coast South & Bribie Island,Point Cartwright,Drum Line,"39",,153.1422167000,-26.6821833300
Sunshine Coast South & Bribie Island,Point Cartwright,Drum Line,"40",,153.1418833000,-26.6829000000
Sunshine Coast South & Bribie Island,Point Cartwright,Drum Line,"41",,153.1419167000,-26.6833500000
Sunshine Coast South & Bribie Island,Point Cartwright,Drum Line,"43",Approximate Location,153.1422167000,-26.6821833300
Townsville,Radical Bay,Drum Line,"25",Approximate Location,146.8759800000,-19.1076000000
Townsville,Radical Bay,Drum Line,"26",,146.8781000000,-19.1089833300
Townsville,Radical Bay,Drum Line,"27",,146.8774667000,-19.1085333300
Townsville,Radical Bay,Drum Line,"28",,146.8766833000,-19.1082666700
Townsville,Radical Bay,Drum Line,"29",,146.8760167000,-19.1077666700
Townsville,Radical Bay,Drum Line,"30",,146.8752667000,-19.1073166700
Gold Coast,Rainbow Bay,Drum Line,"0",Approximate Location,153.5480000000,-28.1587700000
Gold Coast,Rainbow Bay,Drum Line,"28",,153.5427833000,-28.1579500000
Gold Coast,Rainbow Bay,Drum Line,"29",,153.5441333000,-28.1585500000
Gold Coast,Rainbow Bay,Drum Line,"30",,153.5452500000,-28.1587166700
Gold Coast,Rainbow Bay,Drum Line,"31",,153.5464167000,-28.1587000000
Gold Coast,Rainbow Bay,Drum Line,"32",,153.5477833000,-28.1587500000
Gold Coast,Rainbow Bay,Drum Line,"33",,153.5488667000,-28.1588000000
Gold Coast,Rainbow Bay,Drum Line,"34",,153.5497667000,-28.1587500000
Gold Coast,Rainbow Bay,Drum Line,"35",,153.5503833000,-28.1591166700
Rainbow Beach,Rainbow Beach,Drum Line,"1",,153.0945667000,-25.8915666700
Rainbow Beach,Rainbow Beach,Drum Line,"2",,153.0953667000,-25.8914500000
Rainbow Beach,Rainbow Beach,Drum Line,"3",,153.0962333000,-25.8920000000
Rainbow Beach,Rainbow Beach,Drum Line,"5",,153.0979667000,-25.8939166700
Rainbow Beach,Rainbow Beach,Drum Line,"6",,153.0984500000,-25.8948166700
Rainbow Beach,Rainbow Beach,Drum Line,"7",,153.0990833000,-25.8957333300
Rainbow Beach,Rainbow Beach,Drum Line,"8",,153.0999500000,-25.8967000000
Rainbow Beach,Rainbow Beach,Drum Line,"9",,153.1003667000,-25.8976166700
Rainbow Beach,Rainbow Beach,Drum Line,"10",,153.1006667000,-25.8981166700
Rainbow Beach,Rainbow Beach,Drum Line,"11",,153.1008667000,-25.8994333300
Rainbow Beach,Rainbow Beach,Drum Line,"12",,153.1002333000,-25.8999333300
Rainbow Beach,Rainbow Beach,Net,"1",,153.0943500000,-25.8944333400
Rainbow Beach,Rainbow Beach,Net,"2",,153.0960083000,-25.8970416700
Rainbow Beach,Rainbow Beach,Net,"3",,153.0974917000,-25.8994500000
Gold Coast,Sheraton Mirage,Drum Line,"1",,153.4359833000,-27.9614500000
Gold Coast,Sheraton Mirage,Drum Line,"2",,153.4356667000,-27.9634000000
Gold Coast,Sheraton Mirage,Drum Line,"3",,153.4356833000,-27.9645666700
Gold Coast,Sheraton Mirage,Drum Line,"4",,153.4357500000,-27.9661166700
Gold Coast,Sheraton Mirage,Drum Line,"5",,153.4362167000,-27.9667833300
Gold Coast,Staghorn Ave,Drum Line,"8",,153.4369833000,-27.9943000000
Gold Coast,Staghorn Ave,Drum Line,"9",,153.4373000000,-27.9962500000
Mackay,Sth Lamberts Beach,Drum Line,"31",,149.2292000000,-21.0967000000
Mackay,Sth Lamberts Beach,Drum Line,"32",,149.2289333000,-21.0975666700
Mackay,Sth Lamberts Beach,Drum Line,"33",,149.2287167000,-21.0983000000
Mackay,Sth Lamberts Beach,Drum Line,"34",,149.2284833000,-21.0991333300
Mackay,Sth Lamberts Beach,Drum Line,"35",,149.2284167000,-21.0997500000
Mackay,Sth Lamberts Beach,Drum Line,"36",,149.2281500000,-21.1002500000
Mackay,Sth Lamberts Beach,Drum Line,"46",,149.2298167000,-21.0937333300
Mackay,Sth Lamberts Beach,Drum Line,"47",,149.2296000000,-21.0947833300
Mackay,Sth Lamberts Beach,Drum Line,"48",,149.2293667000,-21.0958000000
Sunshine Coast North,Sunrise Beach,Drum Line,"7",,153.1164167000,-26.4173833300
Sunshine Coast North,Sunrise Beach,Drum Line,"8",,153.1162167000,-26.4184333300
Sunshine Coast North,Sunrise Beach,Drum Line,"9",,153.1159333000,-26.4193000000
Sunshine Coast North,Sunshine Beach,Drum Line,"4",,153.1177667000,-26.4052500000
Sunshine Coast North,Sunshine Beach,Drum Line,"5",,153.1172333000,-26.4072166700
Sunshine Coast North,Sunshine Beach,Drum Line,"6",,153.1173833000,-26.4084166700
Sunshine Coast North,Surfair Resort,Drum Line,"27",,153.1025333000,-26.6004666700
Sunshine Coast North,Surfair Resort,Drum Line,"28",,153.1026000000,-26.6010000000
Sunshine Coast North,Surfair Resort,Drum Line,"29",,153.1028000000,-26.6017000000
Sunshine Coast North,Surfair Resort,Drum Line,"30",,153.1028667000,-26.6023500000
Gold Coast,Surfers Paradise Beach,Net,"2",,153.4383417000,-28.0017500000
Gold Coast,Tallebudgera Beach,Net,"7",,153.4708833000,-28.0976000000
Capricorn Coast,Tanby Point,Drum Line,"0",Approximate Location,150.8228300000,-23.2293300000
Capricorn Coast,Tanby Point,Drum Line,"38",,150.8240167000,-23.2260500000
Capricorn Coast,Tanby Point,Drum Line,"39",,150.8239667000,-23.2244833300
Capricorn Coast,Tanby Point,Drum Line,"40",,150.8240500000,-23.2279166700
Capricorn Coast,Tanby Point,Drum Line,"41",,150.8241833000,-23.2298666700
Capricorn Coast,Tanby Point,Drum Line,"42",,150.8247667000,-23.2313166700
Gladstone,Tannum Sands,Drum Line,"1",,151.3722000000,-23.9346166700
Gladstone,Tannum Sands,Drum Line,"2",,151.3727000000,-23.9352666700
Gladstone,Tannum Sands,Drum Line,"3",,151.3733667000,-23.9360166700
Gladstone,Tannum Sands,Drum Line,"4",,151.3738000000,-23.9367666700
Gladstone,Tannum Sands,Drum Line,"5",,151.3743667000,-23.9376666700
Gladstone,Tannum Sands,Drum Line,"6",,151.3752667000,-23.9387166700
Gladstone,Tannum Sands,Drum Line,"7",,151.3760000000,-23.9394500000
Gladstone,Tannum Sands,Drum Line,"8",,151.3767167000,-23.9405166700
Gladstone,Tannum Sands,Drum Line,"9",,151.3772667000,-23.9412166700
Gladstone,Tannum Sands,Drum Line,"10",,151.3780667000,-23.9421166700
Gladstone,Tannum Sands,Drum Line,"11",,151.3788000000,-23.9430500000
Gladstone,Tannum Sands,Drum Line,"12",,151.3796833000,-23.9440333300
Gladstone,Tannum Sands,Drum Line,"13",Approximate Location,151.3782800000,-23.9440200000
Gladstone,Tannum Sands,Drum Line,"14",Approximate Location,151.3789100000,-23.9443700000
Gladstone,Tannum Sands,Drum Line,"15",Approximate Location,151.3782800000,-23.9440200000
Gladstone,Tannum Sands,Drum Line,"16",Approximate Location,151.3789100000,-23.9443700000
Gladstone,Tannum Sands,Drum Line,"17",Approximate Location,151.3782800000,-23.9440200000
Gladstone,Tannum Sands,Drum Line,"18",Approximate Location,151.3782800000,-23.9440200000
Gladstone,Tannum Sands,Drum Line,"19",Approximate Location,151.3782800000,-23.9440200000
Townsville,The Strand,Drum Line,"46",,146.8089667000,-19.2369166700
Townsville,The Strand,Drum Line,"47",,146.8105500000,-19.2385000000
Townsville,The Strand,Drum Line,"48",,146.8117667000,-19.2396166700
Townsville,The Strand,Drum Line,"49",,146.8128333000,-19.2406000000
Townsville,The Strand,Drum Line,"50",,146.8142167000,-19.2418833300
Townsville,The Strand,Drum Line,"51",,146.8160333000,-19.2435500000
Townsville,The Strand,Drum Line,"52",,146.8176167000,-19.2451000000
Townsville,The Strand,Drum Line,"53",,146.8191000000,-19.2465333300
Townsville,The Strand,Drum Line,"54",,146.8211333000,-19.2486166700
Townsville,The Strand,Drum Line,"55",,146.8024000000,-19.2314666700
Townsville,The Strand,Drum Line,"56",,146.8048000000,-19.2335500000
Townsville,The Strand,Drum Line,"57",,146.8070000000,-19.2353333300
Cairns,Trinity Beach,Drum Line,"23",,145.6999500000,-16.7746666700
Cairns,Trinity Beach,Drum Line,"24",,145.7005333000,-16.7756666700
Cairns,Trinity Beach,Drum Line,"25",,145.7009500000,-16.7767166700
Cairns,Trinity Beach,Drum Line,"26",,145.7015167000,-16.7776833300
Cairns,Trinity Beach,Drum Line,"27",,145.7018667000,-16.7785500000
Cairns,Trinity Beach,Drum Line,"28",,145.7021500000,-16.7792666700
Gold Coast,Tugun Beach,Drum Line,"23",,153.4998833000,-28.1374666700
Gold Coast,Tugun Beach,Drum Line,"24",,153.5011833000,-28.1367833300
Gold Coast,Tugun Beach,Drum Line,"25",,153.5014333000,-28.1403333300
Sunshine Coast North,Twin Waters Resort,Drum Line,"35",,153.1050167000,-26.6296000000
Sunshine Coast North,Twin Waters Resort,Drum Line,"36",,153.1052333000,-26.6304500000
Sunshine Coast North,Twin Waters Resort,Drum Line,"37",,153.1054333000,-26.6309166700
Sunshine Coast North,Twin Waters Resort,Drum Line,"38",,153.1056000000,-26.6317833300
Gladstone,Unknown,Drum Line,"12",Approximate Location,,
Bribie Island,Woorim (Bribie Island),Drum Line,"61",,153.2099500000,-27.0593833300
Bribie Island,Woorim (Bribie Island),Drum Line,"62",,153.2101500000,-27.0602166700
Bribie Island,Woorim (Bribie Island),Drum Line,"63",,153.2103667000,-27.0610666700
Bribie Island,Woorim (Bribie Island),Drum Line,"64",,153.2105333000,-27.0620166700
Bribie Island,Woorim (Bribie Island),Drum Line,"65",,153.2106833000,-27.0629000000
Bribie Island,Woorim (Bribie Island),Drum Line,"66",,153.2107833000,-27.0639833300
Bribie Island,Woorim (Bribie Island),Drum Line,"67",,153.2112333000,-27.0645833300
Bribie Island,Woorim (Bribie Island),Drum Line,"68",,153.2109333000,-27.0653666700
Bribie Island,Woorim (Bribie Island),Drum Line,"69",,153.2113167000,-27.0660500000
Bribie Island,Woorim (Bribie Island),Drum Line,"70",,153.2113167000,-27.0668000000
Bribie Island,Woorim (Bribie Island),Drum Line,"71",,153.2113167000,-27.0672500000
Bribie Island,Woorim (Bribie Island),Drum Line,"72",,153.2115167000,-27.0682500000
Bribie Island,Woorim (Bribie Island),Drum Line,"73",,153.2117500000,-27.0692000000
Bribie Island,Woorim (Bribie Island),Drum Line,"74",,153.2118000000,-27.0699833300
Bribie Island,Woorim (Bribie Island),Drum Line,"75",,153.2121833000,-27.0707166700
Bribie Island,Woorim (Bribie Island),Drum Line,"76",,153.2126000000,-27.0719333300
Bribie Island,Woorim (Bribie Island),Drum Line,"77",,153.2127333000,-27.0730166700
Bribie Island,Woorim (Bribie Island),Drum Line,"78",,153.2128667000,-27.0737500000
Sunshine Coast South & Bribie Island,Wurtulla,Drum Line,"80",Approximate Location,153.1420050062,-26.7474983743
Sunshine Coast South & Bribie Island,Wurtulla,Drum Line,"83",Approximate Location,153.1419773126,-26.7465906613
Sunshine Coast South & Bribie Island,Wurtulla,Drum Line,"84",Approximate Location,153.1417592835,-26.7456251039
Sunshine Coast South & Bribie Island,Wurtulla,Net,"0",Approximate Location,153.1420500000,-26.7470916700
Sunshine Coast South & Bribie Island,Wurtulla,Net,"1",Approximate Location,153.1420500000,-26.7470916700
Sunshine Coast South & Bribie Island,Wurtulla,Net,"10",,153.1420500000,-26.7470916700
Sunshine Coast North,Yaroomba Beach,Drum Line,"19",,153.1047667000,-26.5536000000
Sunshine Coast North,Yaroomba Beach,Drum Line,"20",,153.1049500000,-26.5545833300
Sunshine Coast North,Yaroomba Beach,Drum Line,"21",,153.1047833000,-26.5553500000
Sunshine Coast North,Yaroomba Beach,Drum Line,"22",,153.1046833000,-26.5560333300
Capricorn Coast,Yeppoon,Drum Line,"0",Approximate Location,150.7534900000,-23.1280700000
Capricorn Coast,Yeppoon,Drum Line,"3",Approximate Location,150.7535100000,-23.1280000000
Capricorn Coast,Yeppoon,Drum Line,"6",,150.7548333000,-23.1264000000
Capricorn Coast,Yeppoon,Drum Line,"7",,150.7546500000,-23.1273166700
Capricorn Coast,Yeppoon,Drum Line,"8",,150.7545000000,-23.1282500000
Capricorn Coast,Yeppoon,Drum Line,"9",,150.7545000000,-23.1290833300
Capricorn Coast,Yeppoon,Drum Line,"10",,150.7546500000,-23.1300833300
Cairns,Yorkeys Knob,Drum Line,"29",,145.7301667000,-16.8041666700
Cairns,Yorkeys Knob,Drum Line,"30",,145.7302833000,-16.8050833300
Cairns,Yorkeys Knob,Drum Line,"31",,145.7306000000,-16.8054833300
Cairns,Yorkeys Knob,Drum Line,"32",,145.7310167000,-16.8061833300
Cairns,Yorkeys Knob,Drum Line,"33",,145.7315833000,-16.8070000000
Sunshine Coast South & Bribie Island,Alexandra Headland,Drum Line,"7",Approximate Location,153.1125374226,-26.6671368096
Sunshine Coast South & Bribie Island,Alexandra Headland,Net,"0",Approximate Location,153.1126629371,-26.6658722921
Bundaberg,Bargara Beach,Drum Line,"0",Approximate Location,152.4665814776,-24.8057561246
Bundaberg,Bargara Beach,Drum Line,"4",Approximate Location,152.4677812203,-24.8084983938
Bundaberg,Bargara Beach,Drum Line,"8",Approximate Location,152.4680097428,-24.8097552672
Bundaberg,Bargara Beach,Drum Line,"12",Approximate Location,152.4640677308,-24.8055847328
Bundaberg,Bargara Beach,Net,"1",Approximate Location,152.4684907150,-24.8114844185
Gold Coast,Bilinga Beach,Net,"0",Approximate Location,153.5105073021,-28.1510333829
Gold Coast,Bilinga Beach,Net,"1",Approximate Location,153.5097646042,-28.1505763380
Sunshine Coast South & Bribie Island,Bribie Island,Drum Line,"62",Approximate Location,153.1231999143,-27.0362854387
Sunshine Coast South & Bribie Island,Bribie Island,Drum Line,"63",Approximate Location,153.1223715204,-27.0354998928
Sunshine Coast South & Bribie Island,Bribie Island,Drum Line,"68",Approximate Location,153.1259187368,-27.0427720135
Sunshine Coast South & Bribie Island,Bribie Island,Drum Line,"73",Approximate Location,153.1229999571,-27.0358998071
Gold Coast,Broadbeach,Drum Line,"0",Approximate Location,153.4414259979,-28.0238467767
Mackay,Bucasia Beach,Drum Line,"8",Approximate Location,149.1636542631,-21.0187637039
Mackay,Bucasia Beach,Drum Line,"9",Approximate Location,149.1651255692,-21.0212040788
Mackay,Bucasia Beach,Drum Line,"10",Approximate Location,149.1639970468,-21.0199063161
Mackay,Bucasia Beach,Net,"0",Approximate Location,149.1655755692,-21.0221756421
Mackay,Bucasia Beach,Net,"1",Approximate Location,149.1628333000,-21.0158912752
Mackay,Bucasia Beach,Net,"2",Approximate Location,149.1662611365,-21.0235467767
Mackay,Bucasia Beach,Net,"4",Approximate Location,149.1634046061,-21.0170338873
Sunshine Coast South & Bribie Island,Buddina Beach,Drum Line,"0",Approximate Location,153.1399024388,-26.7046850957
Sunshine Coast South & Bribie Island,Buddina Beach,Drum Line,"41",Approximate Location,153.1403594836,-26.7024570020
Gold Coast,Burleigh Beach,Net,"0",Approximate Location,153.4589811327,-28.0806062313
Sunshine Coast South & Bribie Island,Caloundra Beach,Drum Line,"0",Approximate Location,153.1477829570,-26.8082426550
Sunshine Coast South & Bribie Island,Caloundra Beach,Drum Line,"11",Approximate Location,153.1414985901,-26.8108420977
Sunshine Coast South & Bribie Island,Caloundra Beach,Drum Line,"37",Approximate Location,153.1422412880,-26.8098994427
Sunshine Coast South & Bribie Island,Caloundra Beach,Drum Line,"51",Approximate Location,153.1422984186,-26.8104421835
Sunshine Coast South & Bribie Island,Caloundra Beach,Drum Line,"54",Approximate Location,153.1412700677,-26.8101850957
Sunshine Coast South & Bribie Island,Caloundra Beach,Drum Line,"55",Approximate Location,153.1431553778,-26.8099280080
Sunshine Coast South & Bribie Island,Caloundra Beach,Drum Line,"56",Approximate Location,153.1468688673,-26.8082997856
Sunshine Coast South & Bribie Island,Caloundra Beach,Drum Line,"57",Approximate Location,153.1436695532,-26.8092424407
Sunshine Coast South & Bribie Island,Caloundra Beach,Drum Line,"58",Approximate Location,153.1458976470,-26.8085283081
Sunshine Coast South & Bribie Island,Caloundra Beach,Drum Line,"59",Approximate Location,153.1450978184,-26.8088425264
Sunshine Coast South & Bribie Island,Caloundra Beach,Drum Line,"60",Approximate Location,153.1442979899,-26.8089853529
Sunshine Coast South & Bribie Island,Caloundra Beach,Drum Line,"61",Approximate Location,153.1448692960,-26.8095852243
Sunshine Coast South & Bribie Island,Caloundra Beach,Net,"0",Approximate Location,153.1441265981,-26.8097851815
Sunshine Coast North,Castaways Beach,Drum Line,"0",Approximate Location,153.1129515466,-26.4329430861
Sunshine Coast North,Castaways Beach,Drum Line,"10",Approximate Location,153.1135321912,-26.4298551126
Sunshine Coast North,Castaways Beach,Drum Line,"11",Approximate Location,153.1134266194,-26.4308316512
Sunshine Coast North,Castaways Beach,Drum Line,"12",Approximate Location,153.1132682618,-26.4315442605
Cairns,Clifton Beach,Net,"3",Approximate Location,145.6799579358,-16.7599152947
Gold Coast,Coolangatta Beach,Drum Line,"0",Approximate Location,153.5418938541,-28.1599767870
Gold Coast,Coolangatta Beach,Net,"0",Approximate Location,153.5406995737,-28.1600328720
Sunshine Coast North,Coolum Beach,Drum Line,"3",Approximate Location,153.0983583424,-26.5294067461
Sunshine Coast North,Coolum Beach,Net,"0",Approximate Location,153.0981999848,-26.5283246358
Sunshine Coast South & Bribie Island,Currimundi Beach,Drum Line,"0",Approximate Location,153.1414001457,-26.7682435905
Gold Coast,Currumbin Beach,Net,"0",Approximate Location,153.4936860554,-28.1275734161
Nth Stradbroke Is.,Cylinder Beach,Drum Line,"0",Approximate Location,153.5092392097,-27.3876841788
Nth Stradbroke Is.,Cylinder Beach,Drum Line,"4",Approximate Location,153.5129713358,-27.3902438812
Nth Stradbroke Is.,Cylinder Beach,Drum Line,"5",Approximate Location,153.5074816051,-27.3897160225
Nth Stradbroke Is.,Cylinder Beach,Drum Line,"6",Approximate Location,153.5009361570,-27.3883435898
Nth Stradbroke Is.,Cylinder Beach,Drum Line,"7",Approximate Location,153.5034698789,-27.3878157311
Nth Stradbroke Is.,Cylinder Beach,Drum Line,"8",Approximate Location,153.5205725014,-27.3876045876
Nth Stradbroke Is.,Cylinder Beach,Net,"5",Approximate Location,153.5062147442,-27.3872878724
Mackay,Eimeo Beach,Drum Line,"1",Approximate Location,149.1795250728,-21.0301986347
Cairns,Ellis Beach,Net,"2",Approximate Location,145.6489445587,-16.7213912461
Mackay,Harbour Beach,Drum Line,"0",Approximate Location,149.2270844744,-21.1208839128
Mackay,Harbour Beach,Net,"0",Approximate Location,149.2273220108,-21.1195510695
Townsville,Horseshoe Bay,Drum Line,"0",Approximate Location,146.8593180353,-19.1070479923
Sunshine Coast North,Hyatt Resort,Drum Line,"0",Approximate Location,153.1047403071,-26.5580105111
Gold Coast,Kirra Beach,Net,"0",Approximate Location,153.5332649581,-28.1591994580
Capricorn Coast,Lammermoor Beach,Drum Line,"17",Approximate Location,150.7696457483,-23.1525291214
Gold Coast,Main Beach,Net,"0",Approximate Location,153.4359000000,-27.9742214636
Sunshine Coast North,Marcoola Beach,Drum Line,"4",Approximate Location,153.1024930929,-26.5837827152
Sunshine Coast North,Marcoola Beach,Net,"0",Approximate Location,153.1024930929,-26.5826346225
Sunshine Coast North,Marcus Beach,Drum Line,"0",Approximate Location,153.1064425817,-26.4576543157
Sunshine Coast North,Marcus Beach,Drum Line,"13",Approximate Location,153.1064122980,-26.4586991021
Sunshine Coast North,Marcus Beach,Drum Line,"14",Approximate Location,153.1065334327,-26.4571546352
Sunshine Coast North,Marcus Beach,Drum Line,"15",Approximate Location,153.1064880072,-26.4580669306
Sunshine Coast North,Maroochydore,Net,"0",Approximate Location,153.1122861366,-26.6617850381
Gold Coast,Mermaid Beach,Net,"0",Approximate Location,153.4456473733,-28.0415271976
Sunshine Coast South & Bribie Island,Moffat Beach,Drum Line,"0",Approximate Location,153.1520967040,-26.7877326909
Sunshine Coast South & Bribie Island,Mooloolaba Beach,Net,"0",Approximate Location,153.1236376247,-26.6781290750
Sunshine Coast North,Mudjimba Beach,Drum Line,"0",Approximate Location,153.1059780466,-26.6144541855
Gold Coast,Narrow Neck,Drum Line,"12",Approximate Location,153.4379674792,-28.0000068731
Townsville,Nelly Bay,Drum Line,"0",Approximate Location,146.8507320219,-19.1733249994
Townsville,Nelly Bay,Drum Line,"14",Approximate Location,146.8501263486,-19.1746120552
Sunshine Coast North,Noosa,Drum Line,"0",Approximate Location,153.0972578313,-26.3782462142
Sunshine Coast North,Noosa,Net,"0",Approximate Location,153.1003467651,-26.3775345481
Sunshine Coast North,Noosa,Net,"3",Approximate Location,153.0989234329,-26.3778373847
Gold Coast,North Burleigh Beach,Drum Line,"0",Approximate Location,153.4529597881,-28.0685452550
Nth Stradbroke Is.,Ocean Beach,Drum Line,"0",Approximate Location,153.5500773753,-27.4387978024
Cairns,Palm Cove,Drum Line,"0",Approximate Location,145.6763263486,-16.7448590795
Cairns,Palm Cove,Net,"0",Approximate Location,145.6759629446,-16.7435568819
Cairns,Palm Cove,Net,"2",Approximate Location,145.6754784060,-16.7418307130
Sunshine Coast North,Peregian Beach,Drum Line,"0",Approximate Location,153.1044935079,-26.4778824106
Townsville,Picnic Bay,Drum Line,"3",Approximate Location,146.8403820219,-19.1830225530
Sunshine Coast South & Bribie Island,Point Cartwright,Drum Line,"0",Approximate Location,153.1419744307,-26.6843334702
Townsville,Radical Bay,Drum Line,"0",Approximate Location,146.8745869514,-19.1071457450
Rainbow Beach,Rainbow Beach,Drum Line,"4",,153.1015881322,-25.9010568731
Rainbow Beach,Rainbow Beach,Net,"0",Approximate Location,153.1029206135,-25.9001180795
Rainbow Beach,Rainbow Beach,Net,"5",Approximate Location,153.1035262868,-25.9023893543
Gold Coast,Sheraton Mirage,Drum Line,"0",Approximate Location,153.4365146426,-27.9625217737
Sunshine Coast North,Sunrise Beach,Drum Line,"0",Approximate Location,153.1166406713,-26.4160409205
Sunshine Coast North,Sunrise Beach,Drum Line,"5",Approximate Location,153.1168829406,-26.4149809923
Sunshine Coast North,Sunshine Beach,Drum Line,"0",Approximate Location,153.1176230619,-26.4060533026
Sunshine Coast North,Surfair Resort,Drum Line,"0",Approximate Location,153.1029634040,-26.6028473035
Gold Coast,Surfers Paradise Beach,Net,"0",Approximate Location,153.4385234020,-28.0025676589
Gold Coast,Tallebudgera Beach,Net,"0",Approximate Location,153.4707621653,-28.0985690773
Gold Coast,Tallebudgera Beach,Net,"26",Approximate Location,153.4702776267,-28.0968429084
Townsville,The Strand,Drum Line,"0",Approximate Location,146.8038875938,-19.2324129834
Cairns,Trinity Beach,Drum Line,"0",Approximate Location,145.7032812031,-16.7789669504
Cairns,Trinity Beach,Net,"0",Approximate Location,145.7025543951,-16.7802085806
Cairns,Trinity Beach,Net,"4",Approximate Location,145.7026755298,-16.7780584404
Gold Coast,Tugun Beach,Drum Line,"0",Approximate Location,153.4989747901,-28.1370426987
Gold Coast,Tugun Beach,Net,"0",Approximate Location,153.5001861366,-28.1386477329
Sunshine Coast North,Twin Waters Resort,Drum Line,"0",Approximate Location,153.1056223733,-26.6327797848
Sunshine Coast South & Bribie Island,Wurtulla,Drum Line,"0",Approximate Location,153.1418682980,-26.7460923091
Sunshine Coast South & Bribie Island,Wurtulla,Drum Line,"81",Approximate Location,153.1419894327,-26.7481213146
Sunshine Coast North,Yaroomba Beach,Drum Line,"0",Approximate Location,153.1053284060,-26.5564704956
Sunshine Coast North,Yaroomba Beach,Net,"0",Approximate Location,153.1056918099,-26.5546837594
Sunshine Coast North,Yaroomba Beach,Net,"4",Approximate Location,153.1055101079,-26.5535329801
Cairns,Yorkeys Knob,Drum Line,"0",Approximate Location,145.7311404557,-16.8046249080
Cairns,Yorkeys Knob,Net,"0",Approximate Location,145.7288206259,-16.8027060364
Cairns,Yorkeys Knob,Net,"5",Approximate Location,145.7295100234,-16.8033362976
Cairns,Yorkeys Knob,Net,"29",Approximate Location,145.7281619088,-16.8021618788
