,,,,,,,,,,Month,,,,,,,,,,,,
SpeciesName,LengthCategory,SpeciesGroup,Gender,GearStatus,LengthRange,GearName,Beach,Area,Fate,Jan,Feb,Mar,Apr,May,Jun,Jul,Aug,Sep,Oct,Nov,Dec,Grand Total
Aust Sharpnose Shark,< 2m,Shark,Female,Active,0-1m,Emu Park Drum 50,Emu Park,Capricorn Coast,Dead,,,,,,,,,1,,,,1
Aust Sharpnose Shark,< 2m,Shark,Female,Active,0-1m,Mullambin Beach Drum 35,Mullambin Beach,Capricorn Coast,Dead,,,,,,,,,1,,,,1
Aust Sharpnose Shark,< 2m,Shark,Female,Active,0-1m,Tanby Point Drum 42,Tanby Point,Capricorn Coast,Dead,,,,,,,,,,,,1,1
Aust Sharpnose Shark,< 2m,Shark,Female,Active,0-1m,Tannum Sands Drum 1,Tannum Sands,Gladstone,Dead,,,,,,,1,,,,,,1
Aust Sharpnose Shark,< 2m,Shark,Female,Active,0-1m Total,,,,,,,,,,,1,,2,,,1,4
Aust Sharpnose Shark,< 2m,Shark,Unknown,Active,0-1m,Emu Park Drum 54,Emu Park,Capricorn Coast,Dead,,,,,,,,,1,,,,1
Aust Sharpnose Shark,< 2m,Shark Total,,,,,,,,,,,,,,1,,3,,,1,5
Australian Blacktip,< 2m,Shark,Female,Active,0-1m,Tannum Sands Drum 3,Tannum Sands,Gladstone,Dead,,,,1,,,,,,,,,1
Australian Blacktip,< 2m,Shark,Female,Active,0-1m,Tannum Sands Drum 6,Tannum Sands,Gladstone,Dead,,,,1,,,,,,,,,1
Australian Blacktip,< 2m,Shark,Female,Active,0-1m Total,,,,,,,,2,,,,,,,,,2
Australian Blacktip,< 2m,Shark,Male,Active,0-1m,Tannum Sands Drum 10,Tannum Sands,Gladstone,Dead,,,,,1,,,,,,,,1
Australian Blacktip,< 2m,Shark,Male,Active,0-1m,Tannum Sands Drum 12,Tannum Sands,Gladstone,Dead,,,,1,,,,,,,,,1
Australian Blacktip,< 2m,Shark,Male,Active,0-1m Total,,,,,,,,1,1,,,,,,,,2
Australian Blacktip,< 2m,Shark Total,,,,,,,,,,,3,1,,,,,,,,4
Australian Hb Dolphin,Non-shark,Mammal,Female,Active,Non-shark,Cylinder Beach Drum 19,Cylinder Beach,Nth Stradbroke Is.,Alive,,,,,,1,,,,,,,1
Australian Hb Dolphin,Non-shark,Mammal,Male,Active,Non-shark,Alexandra Headland Net 8,Alexandra Headland,Sunshine Coast North,Dead,,,,,,,,,1,,,,1
Australian Hb Dolphin,Non-shark,Mammal Total,,,,,,,,,,,,,1,,,1,,,,2
Bird,Non-shark,Other,Unknown,Active,Non-shark,Noosa Net 1,Noosa,Sunshine Coast North,Dead,,,,,,,2,,,,,,2
Blacktip Reef Whaler,< 2m,Shark,Female,Active,1-2m,Alma Bay Drum 19,Alma Bay,Townsville,Dead,,,,,,1,,,,,,,1
Blacktip Reef Whaler,< 2m,Shark,Female,Active,1-2m,Horseshoe Bay Drum 42,Horseshoe Bay,Townsville,Dead,,,,,,1,,,,,,,1
Blacktip Reef Whaler,< 2m,Shark,Female,Active,1-2m,Nelly Bay Drum 14,Nelly Bay,Townsville,Dead,,,,,,,,,,,1,,1
Blacktip Reef Whaler,< 2m,Shark,Female,Active,1-2m,Picnic Bay Drum 2,Picnic Bay,Townsville,Dead,,,,,,,,,,,1,,1
Blacktip Reef Whaler,< 2m,Shark,Female,Active,1-2m Total,,,,,,,,,,2,,,,,2,,4
Blacktip Reef Whaler,< 2m,Shark,Male,Active,1-2m,Alma Bay Drum 19,Alma Bay,Townsville,Dead,,,,,,,,,,1,,,1
Blacktip Reef Whaler,< 2m,Shark,Male,Active,1-2m,Ellis Beach Drum 1,Ellis Beach,Cairns,Dead,,1,,,,,,,,,,,1
Blacktip Reef Whaler,< 2m,Shark,Male,Active,1-2m,Nelly Bay Drum 14,Nelly Bay,Townsville,Dead,,,,,1,,,,,,,,1
Blacktip Reef Whaler,< 2m,Shark,Male,Active,1-2m Total,,,,,,1,,,1,,,,,1,,,3
Blacktip Reef Whaler,< 2m,Shark,Unknown,Active,0-1m,Bucasia Beach Drum 8,Bucasia Beach,Mackay,Dead,,,,,,,,,1,,,,1
Blacktip Reef Whaler,< 2m,Shark,Unknown,Active,0-1m,Tannum Sands Drum 7,Tannum Sands,Gladstone,Dead,,,1,,,,,,,,,,1
Blacktip Reef Whaler,< 2m,Shark,Unknown,Active,0-1m Total,,,,,,,1,,,,,,1,,,,2
Blacktip Reef Whaler,< 2m,Shark Total,,,,,,,,,1,1,,1,2,,,1,1,2,,9
Bottlenose Dolphin,Non-shark,Mammal,Female,Active,Non-shark,Wurtulla Beach Net 10,Wurtulla Beach,Sunshine Coast South,Dead,,,,,,,,,1,,,,1
Bronze Whaler,< 2m,Shark,Female,Active,0-1m,Tannum Sands Drum 10,Tannum Sands,Gladstone,Alive,1,,,,,,,,,,,,1
Bronze Whaler,< 2m,Shark,Female,Active,1-2m,Tannum Sands Drum 11,Tannum Sands,Gladstone,Alive,1,,,,,,,,,,,,1
Bronze Whaler,< 2m,Shark,Female,Active Total,,,,,,2,,,,,,,,,,,,2
Bronze Whaler,< 2m,Shark,Male,Active,1-2m,Tannum Sands Drum 12,Tannum Sands,Gladstone,Dead,1,,,,,,,,,,,,1
Bronze Whaler,< 2m,Shark,Unknown,Active,1-2m,Tannum Sands Drum 8,Tannum Sands,Gladstone,Dead,1,,,,,,,,,,,,1
Bronze Whaler,< 2m,Shark,Unknown,Active,1-2m,Tannum Sands Drum 9,Tannum Sands,Gladstone,Dead,1,,,,,,,,,,,,1
Bronze Whaler,< 2m,Shark,Unknown,Active,1-2m Total,,,,,2,,,,,,,,,,,,2
Bronze Whaler,< 2m,Shark Total,,,,,,,,5,,,,,,,,,,,,5
Bull Ray,Non-shark,Other,Unknown,Active,Non-shark,Rainbow Beach Net 3,Rainbow Beach,Rainbow Beach,Alive,,,,,,,,,1,,,,1
Bull Whaler,< 2m,Shark,Female,Active,0-1m,Emu Park Drum 51,Emu Park,Capricorn Coast,Dead,,,,,,,,,,,1,,1
Bull Whaler,< 2m,Shark,Female,Active,0-1m,Emu Park Drum 52,Emu Park,Capricorn Coast,Dead,,,,,,,,,,,,1,1
Bull Whaler,< 2m,Shark,Female,Active,0-1m,Farnborough Beach Drum 2,Farnborough Beach,Capricorn Coast,Dead,,,,,,,,,,,,1,1
Bull Whaler,< 2m,Shark,Female,Active,0-1m,Fishermans Beach Drum 43,Fishermans Beach,Capricorn Coast,Dead,,,,,,,,,,,,1,1
Bull Whaler,< 2m,Shark,Female,Active,0-1m,Fishermans Beach Drum 44,Fishermans Beach,Capricorn Coast,Dead,,,,,,,,,1,,,,1
Bull Whaler,< 2m,Shark,Female,Active,0-1m,Florence Bay Drum 23,Florence Bay,Townsville,Dead,,,,,,,,,1,,,,1
Bull Whaler,< 2m,Shark,Female,Active,0-1m,Horseshoe Bay Drum 37,Horseshoe Bay,Townsville,Dead,,,,,,,,,,,,1,1
Bull Whaler,< 2m,Shark,Female,Active,0-1m,Kemp Beach Drum 30,Kemp Beach,Capricorn Coast,Dead,,,,,1,,,,,,,,1
Bull Whaler,< 2m,Shark,Female,Active,0-1m,Lammermoor Beach Drum 18,Lammermoor Beach,Capricorn Coast,Dead,,,,,,,,,,,,1,1
Bull Whaler,< 2m,Shark,Female,Active,0-1m,Mullambin Beach Drum 34,Mullambin Beach,Capricorn Coast,Dead,,,,,1,,,,,,,,1
Bull Whaler,< 2m,Shark,Female,Active,0-1m,Tanby Point Drum 40,Tanby Point,Capricorn Coast,Dead,,1,,,,,,,,,,,1
Bull Whaler,< 2m,Shark,Female,Active,0-1m,Tanby Point Drum 41,Tanby Point,Capricorn Coast,Dead,,,,,,,,,,2,,,2
Bull Whaler,< 2m,Shark,Female,Active,0-1m,Tannum Sands Drum 12,Tannum Sands,Gladstone,Dead,,,,,,,,1,,,,,1
Bull Whaler,< 2m,Shark,Female,Active,0-1m,Tannum Sands Drum 3,Tannum Sands,Gladstone,Dead,,,,,,,,1,,,,,1
Bull Whaler,< 2m,Shark,Female,Active,0-1m,Yeppoon Beach Drum 7,Yeppoon Beach,Capricorn Coast,Dead,,,,1,,,,,,,,,1
Bull Whaler,< 2m,Shark,Female,Active,0-1m Total,,,,,,1,,1,2,,,2,2,2,1,5,16
Bull Whaler,< 2m,Shark,Female,Active,1-2m,Alma Bay Drum 20,Alma Bay,Townsville,Dead,,,,,,,,,,1,,,1
Bull Whaler,< 2m,Shark,Female,Active,1-2m,Fishermans Beach Drum 46,Fishermans Beach,Capricorn Coast,Dead,,1,,,,,,,,,,,1
Bull Whaler,< 2m,Shark,Female,Active,1-2m,Florence Bay Drum 23,Florence Bay,Townsville,Alive,,,,,,,1,,,,,,1
Bull Whaler,< 2m,Shark,Female,Active,1-2m,Harbour Beach Drum 38,Harbour Beach,Mackay,Dead,,,,,,,,,,1,,,1
Bull Whaler,< 2m,Shark,Female,Active,1-2m,Horseshoe Bay Drum 42,Horseshoe Bay,Townsville,Dead,1,,,,,,,,,,,,1
Bull Whaler,< 2m,Shark,Female,Active,1-2m,Kellys Beach Drum 13,Kellys Beach,Bundaberg,Alive,,,,,,,,,,1,,,1
Bull Whaler,< 2m,Shark,Female,Active,1-2m,Kellys Beach Drum 18,Kellys Beach,Bundaberg,Alive,,,,,,,,1,,,,,1
Bull Whaler,< 2m,Shark,Female,Active,1-2m,Kellys Beach Drum 18,Kellys Beach,Bundaberg,Dead,,,,,,,,,,,,1,1
Bull Whaler,< 2m,Shark,Female,Active,1-2m,Kellys Beach Drum 18,Kellys Beach,Bundaberg Total,,,,,,,,,1,,,,1,2
Bull Whaler,< 2m,Shark,Female,Active,1-2m,Lammermoor Beach Drum 26,Lammermoor Beach,Capricorn Coast,Alive,,,1,,,,,,,,,,1
Bull Whaler,< 2m,Shark,Female,Active,1-2m,Maroochydore Net 6,Maroochydore,Sunshine Coast North,Dead,1,,,,,,,,,,,,1
Bull Whaler,< 2m,Shark,Female,Active,1-2m,Ocean Beach Drum 35,Ocean Beach,Nth Stradbroke Is.,Dead,,,1,,,,,,,,,,1
Bull Whaler,< 2m,Shark,Female,Active,1-2m,Palarenda Beach Drum 44,Palarenda Beach,Townsville,Dead,,,,,,,,,,,1,,1
Bull Whaler,< 2m,Shark,Female,Active,1-2m,South Lamberts Drum 36,South Lamberts,Mackay,Dead,,,,,,,,1,,,,,1
Bull Whaler,< 2m,Shark,Female,Active,1-2m,Tannum Sands Drum 11,Tannum Sands,Gladstone,Alive,,,,,,,1,,,,,,1
Bull Whaler,< 2m,Shark,Female,Active,1-2m,Tannum Sands Drum 12,Tannum Sands,Gladstone,Dead,,,,,,,1,,,,,,1
Bull Whaler,< 2m,Shark,Female,Active,1-2m,Tannum Sands Drum 7,Tannum Sands,Gladstone,Dead,,,,,,,,1,,,,,1
Bull Whaler,< 2m,Shark,Female,Active,1-2m Total,,,,,2,1,2,,,,3,3,,3,1,1,16
Bull Whaler,< 2m,Shark,Female,Active Total,,,,,,2,2,2,1,2,,3,5,2,5,2,6,32
Bull Whaler,< 2m,Shark,Male,Active,0-1m,Emu Park Drum 51,Emu Park,Capricorn Coast,Dead,,,,,,,,,,,,1,1
Bull Whaler,< 2m,Shark,Male,Active,0-1m,Emu Park Drum 53,Emu Park,Capricorn Coast,Dead,,,,,,,,,,,1,,1
Bull Whaler,< 2m,Shark,Male,Active,0-1m,Farnborough Beach Drum 2,Farnborough Beach,Capricorn Coast,Dead,,,,,,,1,,,,,,1
Bull Whaler,< 2m,Shark,Male,Active,0-1m,Fishermans Beach Drum 45,Fishermans Beach,Capricorn Coast,Dead,,,,,,,,,1,,,,1
Bull Whaler,< 2m,Shark,Male,Active,0-1m,Fishermans Beach Drum 47,Fishermans Beach,Capricorn Coast,Dead,,1,,,,,,,,,,,1
Bull Whaler,< 2m,Shark,Male,Active,0-1m,Horseshoe Bay Drum 41,Horseshoe Bay,Townsville,Dead,,,,,,,,,,,,1,1
Bull Whaler,< 2m,Shark,Male,Active,0-1m,Mullambin Beach Drum 35,Mullambin Beach,Capricorn Coast,Dead,,,,,,,,,,,,1,1
Bull Whaler,< 2m,Shark,Male,Active,0-1m,Tanby Point Drum 39,Tanby Point,Capricorn Coast,Dead,,1,,,,,,,,,,,1
Bull Whaler,< 2m,Shark,Male,Active,0-1m,Tannum Sands Drum 5,Tannum Sands,Gladstone,Dead,,,,,,,,,,,,1,1
Bull Whaler,< 2m,Shark,Male,Active,0-1m,Tannum Sands Drum 9,Tannum Sands,Gladstone,Dead,,,,,,,,,,,,1,1
Bull Whaler,< 2m,Shark,Male,Active,0-1m,Yeppoon Beach Drum 6,Yeppoon Beach,Capricorn Coast,Dead,1,,,,,,,,,,,,1
Bull Whaler,< 2m,Shark,Male,Active,0-1m Total,,,,,1,2,,,,,1,,1,,1,5,11
Bull Whaler,< 2m,Shark,Male,Active,1-2m,Alma Bay Drum 19,Alma Bay,Townsville,Dead,,,1,,,,,,,,,,1
Bull Whaler,< 2m,Shark,Male,Active,1-2m,Bilinga Beach Net 9,Bilinga Beach,Gold Coast,Alive,,,,,,,,,,,,1,1
Bull Whaler,< 2m,Shark,Male,Active,1-2m,Caloundra Beach Drum 58,Caloundra Beach,Sunshine Coast South,Alive,,,,1,,,,,,,,,1
Bull Whaler,< 2m,Shark,Male,Active,1-2m,Caloundra Beach Drum 60,Caloundra Beach,Sunshine Coast South,Dead,,,,,,,,,1,,,,1
Bull Whaler,< 2m,Shark,Male,Active,1-2m,Cooee Bay Drum 16,Cooee Bay,Capricorn Coast,Dead,,,,,,,,,,,,1,1
Bull Whaler,< 2m,Shark,Male,Active,1-2m,Coolum Beach Net 3,Coolum Beach,Sunshine Coast North,Alive,,,,,,,,1,,,,,1
Bull Whaler,< 2m,Shark,Male,Active,1-2m,Emu Park Drum 49,Emu Park,Capricorn Coast,Dead,,1,,,,,,,,,,,1
Bull Whaler,< 2m,Shark,Male,Active,1-2m,Farnborough Beach Drum 5,Farnborough Beach,Capricorn Coast,Dead,,,1,,,,,,,,,,1
Bull Whaler,< 2m,Shark,Male,Active,1-2m,Fishermans Beach Drum 46,Fishermans Beach,Capricorn Coast,Dead,,,,,1,,,,,,,,1
Bull Whaler,< 2m,Shark,Male,Active,1-2m,Fishermans Beach Drum 47,Fishermans Beach,Capricorn Coast,Dead,,1,,,,,,,,,,,1
Bull Whaler,< 2m,Shark,Male,Active,1-2m,Horseshoe Bay Drum 31,Horseshoe Bay,Townsville,Alive,,,,,,,,,,,,1,1
Bull Whaler,< 2m,Shark,Male,Active,1-2m,Horseshoe Bay Drum 32,Horseshoe Bay,Townsville,Dead,,,,,,,,,1,,,,1
Bull Whaler,< 2m,Shark,Male,Active,1-2m,Horseshoe Bay Drum 33,Horseshoe Bay,Townsville,Dead,,,,1,,,,,,,,,1
Bull Whaler,< 2m,Shark,Male,Active,1-2m,Maroochydore Net 5,Maroochydore,Sunshine Coast North,Dead,,,,,1,,,,,,,,1
Bull Whaler,< 2m,Shark,Male,Active,1-2m,Mullambin Beach Drum 37,Mullambin Beach,Capricorn Coast,Dead,,,,,,,,,,,1,,1
Bull Whaler,< 2m,Shark,Male,Active,1-2m,Noosa Net 1,Noosa,Sunshine Coast North,Alive,,,,,,,,,1,,,,1
Bull Whaler,< 2m,Shark,Male,Active,1-2m,Noosa Net 2,Noosa,Sunshine Coast North,Dead,,,,,,,,,,1,,,1
Bull Whaler,< 2m,Shark,Male,Active,1-2m,Palarenda Beach Drum 44,Palarenda Beach,Townsville,Dead,,,1,,,,,,,,,,1
Bull Whaler,< 2m,Shark,Male,Active,1-2m,Tannum Sands Drum 3,Tannum Sands,Gladstone,Alive,,,,,,,1,,,,,,1
Bull Whaler,< 2m,Shark,Male,Active,1-2m,Tannum Sands Drum 7,Tannum Sands,Gladstone,Dead,,,,,,,1,,,,,,1
Bull Whaler,< 2m,Shark,Male,Active,1-2m Total,,,,,,2,3,2,2,,2,1,3,1,1,3,20
Bull Whaler,< 2m,Shark,Male,Active Total,,,,,,1,4,3,2,2,,3,1,4,1,2,8,31
Bull Whaler,< 2m,Shark,Unknown,Active,0-1m,Emu Park Drum 51,Emu Park,Capricorn Coast,Dead,,,,,,,1,,,,,,1
Bull Whaler,< 2m,Shark,Unknown,Active,0-1m,Kellys Beach Drum 15,Kellys Beach,Bundaberg,Dead,,,,,,,,,,,,1,1
Bull Whaler,< 2m,Shark,Unknown,Active,0-1m Total,,,,,,,,,,,1,,,,,1,2
Bull Whaler,< 2m,Shark,Unknown,Active,1-2m,Noosa Net 1,Noosa,Sunshine Coast North,Dead,,,,,1,,,,,,,,1
Bull Whaler,< 2m,Shark,Unknown,Active,1-2m,Rainbow Beach Drum 5,Rainbow Beach,Rainbow Beach,Dead,,1,,,,,,,,,,,1
Bull Whaler,< 2m,Shark,Unknown,Active,1-2m Total,,,,,,1,,,1,,,,,,,,2
Bull Whaler,< 2m,Shark,Unknown,Active Total,,,,,,,1,,,1,,1,,,,,1,4
Bull Whaler,< 2m,Shark Total,,,,,,,,3,7,5,3,5,,7,6,6,6,4,15,67
Bull Whaler,>= 2m,Shark,Female,Active,2-3m,Florence Bay Drum 23,Florence Bay,Townsville,Alive,,,,,,,,,1,,,,1
Bull Whaler,>= 2m,Shark,Female,Active,2-3m,Harbour Beach Drum 40,Harbour Beach,Mackay,Alive,,,,,,,1,,,,,,1
Bull Whaler,>= 2m,Shark,Female,Active,2-3m,Harbour Beach Drum 42,Harbour Beach,Mackay,Alive,,1,,,,,,,,,,,1
Bull Whaler,>= 2m,Shark,Female,Active,2-3m,Kellys Beach Drum 13,Kellys Beach,Bundaberg,Dead,1,,,,,,,,,,,,1
Bull Whaler,>= 2m,Shark,Female,Active,2-3m,Lammermoor Beach Drum 26,Lammermoor Beach,Capricorn Coast,Dead,,,,,,,,,,,,1,1
Bull Whaler,>= 2m,Shark,Female,Active,2-3m,Maroochydore Net 5,Maroochydore,Sunshine Coast North,Alive,,,,,,,,,,1,,,1
Bull Whaler,>= 2m,Shark,Female,Active,2-3m,Noosa Drum 1,Noosa,Sunshine Coast North,Dead,,,,,,,,,,,1,,1
Bull Whaler,>= 2m,Shark,Female,Active,2-3m,Noosa Net 1,Noosa,Sunshine Coast North,Dead,,,,,,,,,1,,,,1
Bull Whaler,>= 2m,Shark,Female,Active,2-3m,Rainbow Beach Net 1,Rainbow Beach,Rainbow Beach,Dead,,,1,,,,,,,,,,1
Bull Whaler,>= 2m,Shark,Female,Active,2-3m,Tannum Sands Drum 6,Tannum Sands,Gladstone,Dead,,,,,,,,,,,1,,1
Bull Whaler,>= 2m,Shark,Female,Active,2-3m Total,,,,,1,1,1,,,,1,,2,1,2,1,10
Bull Whaler,>= 2m,Shark,Female,Active,3-4m,Alexandra Headland Net 8,Alexandra Headland,Sunshine Coast North,Dead,,,,,,,,,,,,1,1
Bull Whaler,>= 2m,Shark,Female,Active Total,,,,,,1,1,1,,,,1,,2,1,2,2,11
Bull Whaler,>= 2m,Shark,Male,Active,2-3m,Alma Bay Drum 18,Alma Bay,Townsville,Dead,,,,,,,,,1,,,,1
Bull Whaler,>= 2m,Shark,Male,Active,2-3m,Noosa Net 2,Noosa,Sunshine Coast North,Alive,,,,,,,1,,,,,,1
Bull Whaler,>= 2m,Shark,Male,Active,2-3m,Rainbow Beach Net 1,Rainbow Beach,Rainbow Beach,Dead,,,1,,,,,,,,,,1
Bull Whaler,>= 2m,Shark,Male,Active,2-3m Total,,,,,,,1,,,,1,,1,,,,3
Bull Whaler,>= 2m,Shark,Unknown,Active,2-3m,Florence Bay Drum 22,Florence Bay,Townsville,Dead,,,,,1,,,,,,,,1
Bull Whaler,>= 2m,Shark,Unknown,Active,2-3m,Horseshoe Bay Drum 33,Horseshoe Bay,Townsville,Dead,,,1,,,,,,,,,,1
Bull Whaler,>= 2m,Shark,Unknown,Active,2-3m Total,,,,,,,1,,1,,,,,,,,2
Bull Whaler,>= 2m,Shark Total,,,,,,,,1,1,3,,1,,2,,3,1,2,2,16
Bull Whaler Total,,,,,,,,,,4,8,8,3,6,,9,6,9,7,6,17,83
Catfish,Non-shark,Other,Unknown,Active,Non-shark,Horseshoe Bay Drum 31,Horseshoe Bay,Townsville,Dead,,,,,,,,,,1,,,1
Cod,Non-shark,Other,Unknown,Active,Non-shark,Horseshoe Bay Drum 39,Horseshoe Bay,Townsville,Alive,,,,,1,,,,,,,,1
Common Blacktip Wha,< 2m,Shark,Female,Active,0-1m,The Strand Drum 50,The Strand,Townsville,Dead,,,,1,,,,,,,,,1
Common Blacktip Wha,< 2m,Shark,Female,Active,0-1m,Yorkeys Drum 31,Yorkeys,Cairns,Dead,,1,,,,,,,,,,,1
Common Blacktip Wha,< 2m,Shark,Female,Active,0-1m Total,,,,,,1,,1,,,,,,,,,2
Common Blacktip Wha,< 2m,Shark,Female,Active,1-2m,Clifton Drum 22,Clifton,Cairns,Dead,,,,1,,,,,,,,,1
Common Blacktip Wha,< 2m,Shark,Female,Active,1-2m,The Strand Drum 48,The Strand,Townsville,Dead,,,,1,,,,,,,,,1
Common Blacktip Wha,< 2m,Shark,Female,Active,1-2m Total,,,,,,,,2,,,,,,,,,2
Common Blacktip Wha,< 2m,Shark,Female,Active Total,,,,,,,1,,3,,,,,,,,,4
Common Blacktip Wha,< 2m,Shark,Male,Active,0-1m,Holloways Drum 38,Holloways,Cairns,Dead,,1,,,,,,,,,,,1
Common Blacktip Wha,< 2m,Shark,Male,Active,1-2m,Palarenda Beach Drum 43,Palarenda Beach,Townsville,Dead,,,,1,,,,,,,,,1
Common Blacktip Wha,< 2m,Shark,Male,Active,1-2m,Picnic Bay Drum 5,Picnic Bay,Townsville,Dead,1,,,,,,,,,,,,1
Common Blacktip Wha,< 2m,Shark,Male,Active,1-2m Total,,,,,1,,,1,,,,,,,,,2
Common Blacktip Wha,< 2m,Shark,Male,Active Total,,,,,,1,1,,1,,,,,,,,,3
Common Blacktip Wha,< 2m,Shark,Unknown,Active,1-2m,Trinity Drum 26,Trinity,Cairns,Dead,,1,,,,,,,,,,,1
Common Blacktip Wha,< 2m,Shark Total,,,,,,,,1,3,,4,,,,,,,,,8
Common Dolphin,Non-shark,Mammal,Female,Active,Non-shark,Currumbin Beach Net 8,Currumbin Beach,Gold Coast,Dead,,,,,,,,1,,,,,1
Common Dolphin,Non-shark,Mammal,Male,Active,Non-shark,Caloundra Beach Drum 59,Caloundra Beach,Sunshine Coast South,Alive,,,,,,,,,1,,,,1
Common Dolphin,Non-shark,Mammal,Male,Active,Non-shark,Coolangatta Beach Net 11,Coolangatta Beach,Gold Coast,Dead,,,,,,,1,,,,,,1
Common Dolphin,Non-shark,Mammal,Male,Active,Non-shark,Kirra Beach Net 10,Kirra Beach,Gold Coast,Dead,,,,,,1,,,,,,,1
Common Dolphin,Non-shark,Mammal,Male,Active,Non-shark Total,,,,,,,,,,1,1,,1,,,,3
Common Dolphin,Non-shark,Mammal Total,,,,,,,,,,,,,1,1,1,1,,,,4
Cownose Ray,Non-shark,Other,Male,Active,Non-shark,Noosa Net 2,Noosa,Sunshine Coast North,Alive,,,,,,,,,,,,1,1
Cownose Ray,Non-shark,Other,Unknown,Active,Non-shark,Bilinga Beach Net 9,Bilinga Beach,Gold Coast,Alive,,,,,,1,,,,,,,1
Cownose Ray,Non-shark,Other,Unknown,Active,Non-shark,Bilinga Beach Net 9,Bilinga Beach,Gold Coast,Dead,,,,,,,1,,1,,,,2
Cownose Ray,Non-shark,Other,Unknown,Active,Non-shark,Bilinga Beach Net 9,Bilinga Beach,Gold Coast Total,,,,,,,1,1,,1,,,,3
Cownose Ray,Non-shark,Other,Unknown,Active,Non-shark,Burleigh Beach Net 6,Burleigh Beach,Gold Coast,Dead,,,,,,,,,,,,1,1
Cownose Ray,Non-shark,Other,Unknown,Active,Non-shark,Caloundra Beach Net 11,Caloundra Beach,Sunshine Coast South,Dead,,,,1,,,,,,,,,1
Cownose Ray,Non-shark,Other,Unknown,Active,Non-shark,Coolangatta Beach Net 11,Coolangatta Beach,Gold Coast,Alive,,,,,,,,1,,,,,1
Cownose Ray,Non-shark,Other,Unknown,Active,Non-shark,Currumbin Beach Net 8,Currumbin Beach,Gold Coast,Alive,,,,,,,,,,,,2,2
Cownose Ray,Non-shark,Other,Unknown,Active,Non-shark,Kurrawa Beach Net 3,Kurrawa Beach,Gold Coast,Alive,,,,,,,,,,,,2,2
Cownose Ray,Non-shark,Other,Unknown,Active,Non-shark,Main Beach Net 1,Main Beach,Gold Coast,Alive,,,,,,,,1,,,,,1
Cownose Ray,Non-shark,Other,Unknown,Active,Non-shark,Maroochydore Net 5,Maroochydore,Sunshine Coast North,Dead,,,,,,,,,,,1,,1
Cownose Ray,Non-shark,Other,Unknown,Active,Non-shark,Miami Beach Net 5,Miami Beach,Gold Coast,Alive,,,,,,,,,,,1,,1
Cownose Ray,Non-shark,Other,Unknown,Active,Non-shark,Noosa Net 1,Noosa,Sunshine Coast North,Alive,,,,,,,,1,,,,,1
Cownose Ray,Non-shark,Other,Unknown,Active,Non-shark,Noosa Net 2,Noosa,Sunshine Coast North,Alive,,,,,,,,1,,,,,1
Cownose Ray,Non-shark,Other,Unknown,Active,Non-shark,Rainbow Beach Net 3,Rainbow Beach,Rainbow Beach,Dead,,,,,,,,,,,,1,1
Cownose Ray,Non-shark,Other,Unknown,Active,Non-shark,Tallebudgera Beach Net 7,Tallebudgera Beach,Gold Coast,Alive,,1,,,,,,,,,1,,2
Cownose Ray,Non-shark,Other,Unknown,Active,Non-shark,Tallebudgera Beach Net 7,Tallebudgera Beach,Gold Coast,Dead,,,,,,,,,,,1,,1
Cownose Ray,Non-shark,Other,Unknown,Active,Non-shark,Tallebudgera Beach Net 7,Tallebudgera Beach,Gold Coast Total,,,1,,,,,,,,,2,,3
Cownose Ray,Non-shark,Other,Unknown,Active,Non-shark Total,,,,,,1,,1,,1,1,4,1,,4,6,19
Cownose Ray,Non-shark,Other Total,,,,,,,,,1,,1,,1,1,4,1,,4,7,20
Devilray *,Non-shark,Other,Female,Active,Non-shark,Tallebudgera Beach Net 7,Tallebudgera Beach,Gold Coast,Alive,,,,,1,,,,,,,,1
Devilray *,Non-shark,Other,Unknown,Active,Non-shark,Maroochydore Net 6,Maroochydore,Sunshine Coast North,Dead,,,,,,,,1,,,,,1
Devilray *,Non-shark,Other,Unknown,Active,Non-shark,Rainbow Beach Net 3,Rainbow Beach,Rainbow Beach,Dead,,,,,,,,1,,,,,1
Devilray *,Non-shark,Other,Unknown,Active,Non-shark,Wurtulla Beach Net 10,Wurtulla Beach,Sunshine Coast South,Dead,,,,,,,2,,,,,,2
Devilray *,Non-shark,Other,Unknown,Active,Non-shark Total,,,,,,,,,,,2,2,,,,,4
Devilray *,Non-shark,Other Total,,,,,,,,,,,,1,,2,2,,,,,5
Dusky Whaler,< 2m,Shark,Female,Active,0-1m,Alexandra Headland Net 7,Alexandra Headland,Sunshine Coast North,Dead,,,,,,,,,,,1,,1
Dusky Whaler,< 2m,Shark,Female,Active,1-2m,Marcoola Beach Net 4,Marcoola Beach,Sunshine Coast North,Dead,,,,,,1,,,,,,,1
Dusky Whaler,< 2m,Shark,Female,Active,1-2m,Surfair Resort Drum 30,Surfair Resort,Sunshine Coast North,Dead,,1,,,,,,,,,,,1
Dusky Whaler,< 2m,Shark,Female,Active,1-2m,Twin Waters Resort Drum 37,Twin Waters Resort,Sunshine Coast North,Dead,,,1,,,,,,,,,,1
Dusky Whaler,< 2m,Shark,Female,Active,1-2m Total,,,,,,1,1,,,1,,,,,,,3
Dusky Whaler,< 2m,Shark,Female,Active Total,,,,,,,1,1,,,1,,,,,1,,4
Dusky Whaler,< 2m,Shark,Male,Active,1-2m,Marcoola Beach Net 4,Marcoola Beach,Sunshine Coast North,Dead,,,,,,1,,,,,,,1
Dusky Whaler,< 2m,Shark,Male,Active,1-2m,Rainbow Beach Drum 5,Rainbow Beach,Rainbow Beach,Dead,,,,,,,,,,1,,,1
Dusky Whaler,< 2m,Shark,Male,Active,1-2m Total,,,,,,,,,,1,,,,1,,,2
Dusky Whaler,< 2m,Shark Total,,,,,,,,,1,1,,,2,,,,1,1,,6
Dusky Whaler,>= 2m,Shark,Female,Active,2-3m,Glen Eden Beach Drum 14,Glen Eden Beach,Sunshine Coast North,Alive,,,,,,,,1,,,,,1
Dusky Whaler,>= 2m,Shark,Female,Active,2-3m,Noosa Net 2,Noosa,Sunshine Coast North,Dead,,,,,,,,,,,2,,2
Dusky Whaler,>= 2m,Shark,Female,Active,2-3m Total,,,,,,,,,,,,1,,,2,,3
Dusky Whaler,>= 2m,Shark,Male,Active,2-3m,North Burleigh Drum 19,North Burleigh,Gold Coast,Dead,,,,,,,,,,1,,,1
Dusky Whaler,>= 2m,Shark Total,,,,,,,,,,,,,,,1,,1,2,,4
Dusky Whaler Total,,,,,,,,,,,1,1,,,2,,1,,2,3,,10
Eagle Ray *,Non-shark,Other,Male,Active,Non-shark,Alexandra Headland Net 8,Alexandra Headland,Sunshine Coast North,Alive,,,,,,,,,,,1,,1
Eagle Ray *,Non-shark,Other,Unknown,Active,Non-shark,Bilinga Beach Net 9,Bilinga Beach,Gold Coast,Alive,,,,,,,,,,,1,,1
Eagle Ray *,Non-shark,Other,Unknown,Active,Non-shark,Burleigh Beach Net 6,Burleigh Beach,Gold Coast,Alive,,,1,,,,,,,,,,1
Eagle Ray *,Non-shark,Other,Unknown,Active,Non-shark,Caloundra Beach Net 11,Caloundra Beach,Sunshine Coast South,Alive,,,,,,,,,,,,1,1
Eagle Ray *,Non-shark,Other,Unknown,Active,Non-shark,Coolangatta Beach Net 11,Coolangatta Beach,Gold Coast,Alive,1,,,,,,,,,,,,1
Eagle Ray *,Non-shark,Other,Unknown,Active,Non-shark,Coolangatta Beach Net 11,Coolangatta Beach,Gold Coast,Dead,,,,,,,,,,1,1,,2
Eagle Ray *,Non-shark,Other,Unknown,Active,Non-shark,Coolangatta Beach Net 11,Coolangatta Beach,Gold Coast Total,,1,,,,,,,,,1,1,,3
Eagle Ray *,Non-shark,Other,Unknown,Active,Non-shark,Currumbin Beach Net 8,Currumbin Beach,Gold Coast,Alive,1,,,,,,,,,,,,1
Eagle Ray *,Non-shark,Other,Unknown,Active,Non-shark,Currumbin Beach Net 8,Currumbin Beach,Gold Coast,Dead,,1,,,,,,,,,,,1
Eagle Ray *,Non-shark,Other,Unknown,Active,Non-shark,Currumbin Beach Net 8,Currumbin Beach,Gold Coast Total,,1,1,,,,,,,,,,,2
Eagle Ray *,Non-shark,Other,Unknown,Active,Non-shark,Maroochydore Net 6,Maroochydore,Sunshine Coast North,Dead,,1,,,,,,,,,,,1
Eagle Ray *,Non-shark,Other,Unknown,Active,Non-shark,Miami Beach Net 5,Miami Beach,Gold Coast,Alive,,1,,,,,,,,,,,1
Eagle Ray *,Non-shark,Other,Unknown,Active,Non-shark,Noosa Net 1,Noosa,Sunshine Coast North,Alive,,,,,,,1,,,,,,1
Eagle Ray *,Non-shark,Other,Unknown,Active,Non-shark,Noosa Net 1,Noosa,Sunshine Coast North,Dead,1,,,,,,,,,,,,1
Eagle Ray *,Non-shark,Other,Unknown,Active,Non-shark,Noosa Net 1,Noosa,Sunshine Coast North Total,,1,,,,,,1,,,,,,2
Eagle Ray *,Non-shark,Other,Unknown,Active,Non-shark,Noosa Net 2,Noosa,Sunshine Coast North,Alive,,,,,,,,,,,1,,1
Eagle Ray *,Non-shark,Other,Unknown,Active,Non-shark Total,,,,,3,3,1,,,,1,,,1,3,1,13
Eagle Ray *,Non-shark,Other Total,,,,,,,,3,3,1,,,,1,,,1,4,1,14
Eastern Shovelnosed,Non-shark,Other,Unknown,Active,Non-shark,Kurrawa Beach Net 3,Kurrawa Beach,Gold Coast,Alive,,1,,,,,,,,,1,,2
Giant Shovelnosed R,Non-shark,Other,Female,Active,Non-shark,Currumbin Beach Net 8,Currumbin Beach,Gold Coast,Alive,1,,,,,,,,,,,,1
Giant Shovelnosed R,Non-shark,Other,Unknown,Active,Non-shark,Bilinga Beach Net 9,Bilinga Beach,Gold Coast,Alive,1,,,,,,,,,,,,1
Giant Shovelnosed R,Non-shark,Other Total,,,,,,,,2,,,,,,,,,,,,2
Giant Trevally,Non-shark,Other,Unknown,Active,Non-shark,The Strand Drum 52,The Strand,Townsville,Dead,,1,,1,,,,,,,,,2
Graceful Whaler,< 2m,Shark,Female,Active,1-2m,Palarenda Beach Drum 43,Palarenda Beach,Townsville,Dead,,,,,,,,1,,,,,1
Great Hammerhead,< 2m,Shark,Female,Active,0-1m,Rainbow Beach Net 1,Rainbow Beach,Rainbow Beach,Dead,,,,,,,,,1,,,,1
Great Hammerhead,< 2m,Shark,Female,Active,1-2m,Alexandra Headland Net 8,Alexandra Headland,Sunshine Coast North,Dead,,,1,,,,,,,,,,1
Great Hammerhead,< 2m,Shark,Female,Active,1-2m,Coolum Beach Net 3,Coolum Beach,Sunshine Coast North,Dead,,,,,,,1,,,,,,1
Great Hammerhead,< 2m,Shark,Female,Active,1-2m,Noosa Net 1,Noosa,Sunshine Coast North,Dead,,,1,,,,,,,,,,1
Great Hammerhead,< 2m,Shark,Female,Active,1-2m,Rainbow Beach Net 3,Rainbow Beach,Rainbow Beach,Dead,,,,,,,,,,1,,,1
Great Hammerhead,< 2m,Shark,Female,Active,1-2m Total,,,,,,,2,,,,1,,,1,,,4
Great Hammerhead,< 2m,Shark,Female,Active Total,,,,,,,,2,,,,1,,1,1,,,5
Great Hammerhead,< 2m,Shark,Male,Active,0-1m,Noosa Net 1,Noosa,Sunshine Coast North,Dead,,,,,,,,,,,1,,1
Great Hammerhead,< 2m,Shark,Male,Active,0-1m,Noosa Net 2,Noosa,Sunshine Coast North,Dead,,,,,,,,,,,1,,1
Great Hammerhead,< 2m,Shark,Male,Active,0-1m Total,,,,,,,,,,,,,,,2,,2
Great Hammerhead,< 2m,Shark,Male,Active,1-2m,Horseshoe Bay Drum 38,Horseshoe Bay,Townsville,Dead,,,,,,1,,,,,,,1
Great Hammerhead,< 2m,Shark,Male,Active,1-2m,Noosa Net 2,Noosa,Sunshine Coast North,Dead,1,,,,,,,,,,,,1
Great Hammerhead,< 2m,Shark,Male,Active,1-2m,Rainbow Beach Net 1,Rainbow Beach,Rainbow Beach,Dead,,,1,,,,,,,,,,1
Great Hammerhead,< 2m,Shark,Male,Active,1-2m,Rainbow Beach Net 3,Rainbow Beach,Rainbow Beach,Dead,,,,,,,,,,,1,,1
Great Hammerhead,< 2m,Shark,Male,Active,1-2m,Wurtulla Beach Net 10,Wurtulla Beach,Sunshine Coast South,Dead,,,,,,,,,,1,,,1
Great Hammerhead,< 2m,Shark,Male,Active,1-2m Total,,,,,1,,1,,,1,,,,1,1,,5
Great Hammerhead,< 2m,Shark,Male,Active Total,,,,,,1,,1,,,1,,,,1,3,,7
Great Hammerhead,< 2m,Shark Total,,,,,,,,1,,3,,,1,1,,1,2,3,,12
Great Hammerhead,>= 2m,Shark,Female,Active,2-3m,Alma Bay Drum 16,Alma Bay,Townsville,Dead,,,,,,,,,,,,1,1
Great Hammerhead,>= 2m,Shark,Female,Active,2-3m,Noosa Net 1,Noosa,Sunshine Coast North,Dead,,1,,,,,,,,,,,1
Great Hammerhead,>= 2m,Shark,Female,Active,2-3m,Rainbow Beach Net 2,Rainbow Beach,Rainbow Beach,Dead,,,,,,,,,,,,1,1
Great Hammerhead,>= 2m,Shark,Female,Active,2-3m Total,,,,,,1,,,,,,,,,,2,3
Great Hammerhead,>= 2m,Shark,Female,Active,3-4m,Tallebudgera Beach Net 7,Tallebudgera Beach,Gold Coast,Dead,1,,,,,,,,,,,,1
Great Hammerhead,>= 2m,Shark,Female,Active,3-4m,Trinity Drum 28,Trinity,Cairns,Dead,,1,,,,,,,,,,,1
Great Hammerhead,>= 2m,Shark,Female,Active,3-4m Total,,,,,1,1,,,,,,,,,,,2
Great Hammerhead,>= 2m,Shark,Female,Active,4-5m,Radical Bay Drum 29,Radical Bay,Townsville,Dead,,,,,,,,,,,,1,1
Great Hammerhead,>= 2m,Shark,Female,Active Total,,,,,,1,2,,,,,,,,,,3,6
Great Hammerhead,>= 2m,Shark,Male,Active,2-3m,Coolum Beach Net 3,Coolum Beach,Sunshine Coast North,Dead,,,,,,,,,,,1,,1
Great Hammerhead,>= 2m,Shark,Male,Active,2-3m,Florence Bay Drum 24,Florence Bay,Townsville,Dead,,,,,,,,,1,,,,1
Great Hammerhead,>= 2m,Shark,Male,Active,2-3m,Nelly Bay Drum 7,Nelly Bay,Townsville,Dead,1,,,,,,,,,,,,1
Great Hammerhead,>= 2m,Shark,Male,Active,2-3m Total,,,,,1,,,,,,,,1,,1,,3
Great Hammerhead,>= 2m,Shark Total,,,,,,,,2,2,,,,,,,1,,1,3,9
Great Hammerhead Total,,,,,,,,,,3,2,3,,,1,1,,2,2,4,3,21
Green Turtle,Non-shark,Turtle,Female,Active,Non-shark,Kirra Beach Net 10,Kirra Beach,Gold Coast,Alive,,,1,,,,,,,,,,1
Green Turtle,Non-shark,Turtle,Female,Active,Non-shark,Main Beach Net 1,Main Beach,Gold Coast,Alive,,,,,,,,,,,1,,1
Green Turtle,Non-shark,Turtle,Female,Active,Non-shark,Rainbow Beach Net 1,Rainbow Beach,Rainbow Beach,Alive,,1,,,,,,,,,,,1
Green Turtle,Non-shark,Turtle,Female,Active,Non-shark Total,,,,,,1,1,,,,,,,,1,,3
Green Turtle,Non-shark,Turtle,Male,Active,Non-shark,Emu Park Drum 52,Emu Park,Capricorn Coast,Alive,,1,,,,,,,,,,,1
Green Turtle,Non-shark,Turtle,Unknown,Active,Non-shark,Miami Beach Net 5,Miami Beach,Gold Coast,Dead,,,,,1,,,,,,,,1
Green Turtle,Non-shark,Turtle Total,,,,,,,,,2,1,,1,,,,,,1,,5
Grey Nurse Shark,>= 2m,Shark,Female,Active,3-4m,Rainbow Beach Net 2,Rainbow Beach,Rainbow Beach,Dead,,,1,,,,,,,,,,1
Grey Nurse Shark,>= 2m,Shark,Male,Active,2-3m,Marcoola Beach Net 4,Marcoola Beach,Sunshine Coast North,Dead,,,,,,,,,1,,,,1
Grey Nurse Shark,>= 2m,Shark Total,,,,,,,,,,1,,,,,,1,,,,2
"Groper , Qld",Non-shark,Other,Unknown,Active,Non-shark,Horseshoe Bay Drum 42,Horseshoe Bay,Townsville,Alive,,,,,,,1,,,,,,1
Hammerhead Shark *,< 2m,Shark,Female,Active,1-2m,Surfers Paradise Net 2,Surfers Paradise,Gold Coast,Dead,,,,,,,,,,1,,,1
Hardnose Whaler,< 2m,Shark,Female,Active,0-1m,Buchans Drum 8,Buchans,Cairns,Dead,,,,,,,,,,1,,,1
Humpback Whale,Non-shark,Mammal,Unknown,Active,Non-shark,Burleigh Beach Net 6,Burleigh Beach,Gold Coast,Alive,,,,,,,1,,,,1,,2
Humpback Whale,Non-shark,Mammal,Unknown,Active,Non-shark,Coolangatta Beach Net 11,Coolangatta Beach,Gold Coast,Alive,,,,,,,,,,1,,,1
Humpback Whale,Non-shark,Mammal,Unknown,Active,Non-shark,Coolum Beach Net 3,Coolum Beach,Sunshine Coast North,Alive,,,,,,1,,,,,,,1
Humpback Whale,Non-shark,Mammal,Unknown,Active,Non-shark,Rainbow Beach Net 3,Rainbow Beach,Rainbow Beach,Alive,,,,,,,1,,,,,,1
Humpback Whale,Non-shark,Mammal,Unknown,Active,Non-shark Total,,,,,,,,,,1,2,,,1,1,,5
Leatherback Turtle,Non-shark,Turtle,Female,Active,Non-shark,Bilinga Beach Net 9,Bilinga Beach,Gold Coast,Alive,,,,,,,,,1,,,,1
Leatherback Turtle,Non-shark,Turtle,Female,Active,Non-shark,Miami Beach Net 5,Miami Beach,Gold Coast,Alive,,,,,,,,,,,1,,1
Leatherback Turtle,Non-shark,Turtle,Female,Active,Non-shark,Rainbow Beach Drum 6,Rainbow Beach,Rainbow Beach,Alive,,1,,,,,,,,,,,1
Leatherback Turtle,Non-shark,Turtle,Female,Active,Non-shark Total,,,,,,1,,,,,,,1,,1,,3
Leatherback Turtle,Non-shark,Turtle,Male,Active,Non-shark,Mermaid Beach Net 4,Mermaid Beach,Gold Coast,Alive,,,,,,,,,1,,,,1
Leatherback Turtle,Non-shark,Turtle Total,,,,,,,,,1,,,,,,,2,,1,,4
Loggerhead Turtle,Non-shark,Turtle,Female,Active,Non-shark,Rainbow Bay Drum 29,Rainbow Bay,Gold Coast,Alive,,,,1,,,,,,,,,1
Loggerhead Turtle,Non-shark,Turtle,Female,Active,Non-shark,Rainbow Bay Drum 34,Rainbow Bay,Gold Coast,Alive,,,,,1,,,,,,,,1
Loggerhead Turtle,Non-shark,Turtle,Female,Active,Non-shark,Rainbow Beach Drum 6,Rainbow Beach,Rainbow Beach,Alive,,1,,,,,,,,,,,1
Loggerhead Turtle,Non-shark,Turtle,Female,Active,Non-shark,Rainbow Beach Drum 7,Rainbow Beach,Rainbow Beach,Alive,,,,,1,,,,,,,,1
Loggerhead Turtle,Non-shark,Turtle,Female,Active,Non-shark,Rainbow Beach Drum 7,Rainbow Beach,Rainbow Beach,Dead,,,,,,,,,,,,1,1
Loggerhead Turtle,Non-shark,Turtle,Female,Active,Non-shark,Rainbow Beach Drum 7,Rainbow Beach,Rainbow Beach Total,,,,,,1,,,,,,,1,2
Loggerhead Turtle,Non-shark,Turtle,Female,Active,Non-shark,Rainbow Beach Drum 9,Rainbow Beach,Rainbow Beach,Alive,,,,,1,,1,,,,,,2
Loggerhead Turtle,Non-shark,Turtle,Female,Active,Non-shark,Rainbow Beach Net 1,Rainbow Beach,Rainbow Beach,Alive,,,,,,,,,,1,,,1
Loggerhead Turtle,Non-shark,Turtle,Female,Active,Non-shark,Rainbow Beach Net 2,Rainbow Beach,Rainbow Beach,Alive,,,,,,,,,,1,,,1
Loggerhead Turtle,Non-shark,Turtle,Female,Active,Non-shark,Rainbow Beach Net 3,Rainbow Beach,Rainbow Beach,Alive,,,,,,,1,,,,,,1
Loggerhead Turtle,Non-shark,Turtle,Female,Active,Non-shark,Tallebudgera Beach Net 7,Tallebudgera Beach,Gold Coast,Alive,,,,,,,,,1,,,,1
Loggerhead Turtle,Non-shark,Turtle,Female,Active,Non-shark Total,,,,,,1,,1,3,,2,,1,2,,1,11
Loggerhead Turtle,Non-shark,Turtle,Male,Active,Non-shark,Rainbow Bay Drum 32,Rainbow Bay,Gold Coast,Alive,,,,,,1,,,,,,,1
Loggerhead Turtle,Non-shark,Turtle,Male,Active,Non-shark,Rainbow Bay Drum 33,Rainbow Bay,Gold Coast,Alive,,,,1,,,,,,,,,1
Loggerhead Turtle,Non-shark,Turtle,Male,Active,Non-shark,Rainbow Bay Drum 34,Rainbow Bay,Gold Coast,Alive,,,,,,,,,,,1,,1
Loggerhead Turtle,Non-shark,Turtle,Male,Active,Non-shark,Rainbow Beach Drum 11,Rainbow Beach,Rainbow Beach,Alive,,,,,,,,,,,,1,1
Loggerhead Turtle,Non-shark,Turtle,Male,Active,Non-shark,Rainbow Beach Drum 4,Rainbow Beach,Rainbow Beach,Alive,,,1,,,,,,,,1,,2
Loggerhead Turtle,Non-shark,Turtle,Male,Active,Non-shark,Rainbow Beach Drum 5,Rainbow Beach,Rainbow Beach,Alive,,,,,,,,1,,,,,1
Loggerhead Turtle,Non-shark,Turtle,Male,Active,Non-shark,Rainbow Beach Drum 6,Rainbow Beach,Rainbow Beach,Alive,,,,,,,,1,,,,,1
Loggerhead Turtle,Non-shark,Turtle,Male,Active,Non-shark,Rainbow Beach Drum 7,Rainbow Beach,Rainbow Beach,Alive,,,,,,,,1,,,,,1
Loggerhead Turtle,Non-shark,Turtle,Male,Active,Non-shark,Rainbow Beach Net 1,Rainbow Beach,Rainbow Beach,Alive,,,,,,,,,1,,,,1
Loggerhead Turtle,Non-shark,Turtle,Male,Active,Non-shark,Rainbow Beach Net 2,Rainbow Beach,Rainbow Beach,Alive,,,,,,,,,1,,,,1
Loggerhead Turtle,Non-shark,Turtle,Male,Active,Non-shark Total,,,,,,,1,1,,1,,3,2,,2,1,11
Loggerhead Turtle,Non-shark,Turtle,Unknown,Active,Non-shark,Rainbow Beach Drum 2,Rainbow Beach,Rainbow Beach,Alive,,,,,,,,,,,,1,1
Loggerhead Turtle,Non-shark,Turtle Total,,,,,,,,,1,1,2,3,1,2,3,3,2,2,3,23
Long Nose Whaler,< 2m,Shark,Female,Active,0-1m,Coolum Beach Net 3,Coolum Beach,Sunshine Coast North,Dead,,1,,,,,,,,,,,1
Long Nose Whaler,< 2m,Shark,Female,Active,0-1m,Noosa Net 1,Noosa,Sunshine Coast North,Dead,,1,,,,,,,,,,,1
Long Nose Whaler,< 2m,Shark,Female,Active,0-1m,Noosa Net 2,Noosa,Sunshine Coast North,Dead,1,,,,,,,,,,,1,2
Long Nose Whaler,< 2m,Shark,Female,Active,0-1m,Wurtulla Beach Net 10,Wurtulla Beach,Sunshine Coast South,Dead,,,,,,,,1,,,,,1
Long Nose Whaler,< 2m,Shark,Female,Active,0-1m Total,,,,,1,2,,,,,,1,,,,1,5
Long Nose Whaler,< 2m,Shark,Female,Active,1-2m,Alexandra Headland Net 8,Alexandra Headland,Sunshine Coast North,Dead,,,1,,,,,,,,,,1
Long Nose Whaler,< 2m,Shark,Female,Active,1-2m,Bilinga Beach Net 9,Bilinga Beach,Gold Coast,Dead,,,,,,,,,,,,1,1
Long Nose Whaler,< 2m,Shark,Female,Active,1-2m,Coolum Beach Net 3,Coolum Beach,Sunshine Coast North,Dead,1,1,,,,,,,,,,,2
Long Nose Whaler,< 2m,Shark,Female,Active,1-2m,Kirra Beach Net 10,Kirra Beach,Gold Coast,Dead,,,,,,,,,,1,,,1
Long Nose Whaler,< 2m,Shark,Female,Active,1-2m,Maroochydore Net 5,Maroochydore,Sunshine Coast North,Dead,,,,,,,,,,,,1,1
Long Nose Whaler,< 2m,Shark,Female,Active,1-2m,Miami Beach Net 5,Miami Beach,Gold Coast,Dead,,,,,,,,,,,,1,1
Long Nose Whaler,< 2m,Shark,Female,Active,1-2m,Nobbys Beach Drum 17,Nobbys Beach,Gold Coast,Dead,,,,,,1,,,,,,,1
Long Nose Whaler,< 2m,Shark,Female,Active,1-2m,Noosa Net 1,Noosa,Sunshine Coast North,Dead,,,1,,,,,,,,,,1
Long Nose Whaler,< 2m,Shark,Female,Active,1-2m,Noosa Net 2,Noosa,Sunshine Coast North,Dead,,,,,,,,,,,2,,2
Long Nose Whaler,< 2m,Shark,Female,Active,1-2m,Peregian Beach Drum 16,Peregian Beach,Sunshine Coast North,Dead,,,,,,,,,,1,,,1
Long Nose Whaler,< 2m,Shark,Female,Active,1-2m,Point Cartwright Drum 39,Point Cartwright,Sunshine Coast South,Dead,,,,1,,,,,,,,,1
Long Nose Whaler,< 2m,Shark,Female,Active,1-2m,Rainbow Beach Net 2,Rainbow Beach,Rainbow Beach,Dead,,1,,1,,,,,,,,,2
Long Nose Whaler,< 2m,Shark,Female,Active,1-2m,Tallebudgera Beach Net 7,Tallebudgera Beach,Gold Coast,Dead,,,,,,,,,,1,,,1
Long Nose Whaler,< 2m,Shark,Female,Active,1-2m,Wurtulla Beach Net 10,Wurtulla Beach,Sunshine Coast South,Dead,,,,,,,,1,,,,,1
Long Nose Whaler,< 2m,Shark,Female,Active,1-2m,Yaroomba Beach Drum 22,Yaroomba Beach,Sunshine Coast North,Dead,,,,1,,,,,,,,,1
Long Nose Whaler,< 2m,Shark,Female,Active,1-2m Total,,,,,1,2,2,3,,1,,1,,3,2,3,18
Long Nose Whaler,< 2m,Shark,Female,Active Total,,,,,,2,4,2,3,,1,,2,,3,2,4,23
Long Nose Whaler,< 2m,Shark,Male,Active,0-1m,Noosa Net 2,Noosa,Sunshine Coast North,Dead,,,,,,,,,,,,1,1
Long Nose Whaler,< 2m,Shark,Male,Active,0-1m,Wurtulla Beach Net 10,Wurtulla Beach,Sunshine Coast South,Dead,,,,,1,1,,,,,,,2
Long Nose Whaler,< 2m,Shark,Male,Active,0-1m,Yaroomba Beach Drum 20,Yaroomba Beach,Sunshine Coast North,Dead,,1,,,,,,,,,,,1
Long Nose Whaler,< 2m,Shark,Male,Active,0-1m Total,,,,,,1,,,1,1,,,,,,1,4
Long Nose Whaler,< 2m,Shark,Male,Active,1-2m,Alexandra Headland Net 8,Alexandra Headland,Sunshine Coast North,Dead,,,1,,,,,,,,,,1
Long Nose Whaler,< 2m,Shark,Male,Active,1-2m,Currumbin Beach Net 8,Currumbin Beach,Gold Coast,Dead,1,,,,,,,,,,,,1
Long Nose Whaler,< 2m,Shark,Male,Active,1-2m,Marcoola Beach Net 4,Marcoola Beach,Sunshine Coast North,Dead,1,,,,,,,,,,,,1
Long Nose Whaler,< 2m,Shark,Male,Active,1-2m,Noosa Drum 1,Noosa,Sunshine Coast North,Dead,,1,,,,,,,,,,,1
Long Nose Whaler,< 2m,Shark,Male,Active,1-2m,Rainbow Beach Drum 9,Rainbow Beach,Rainbow Beach,Dead,1,,,,,,,,,,,,1
Long Nose Whaler,< 2m,Shark,Male,Active,1-2m,Surfers Paradise Net 2,Surfers Paradise,Gold Coast,Dead,,,1,,,,,,,,,,1
Long Nose Whaler,< 2m,Shark,Male,Active,1-2m,Wurtulla Beach Net 10,Wurtulla Beach,Sunshine Coast South,Dead,,,,,,,,,,1,,,1
Long Nose Whaler,< 2m,Shark,Male,Active,1-2m Total,,,,,3,1,2,,,,,,,1,,,7
Long Nose Whaler,< 2m,Shark,Male,Active Total,,,,,,3,2,2,,1,1,,,,1,,1,11
Long Nose Whaler,< 2m,Shark,Unknown,Active,0-1m,Coolum Beach Net 3,Coolum Beach,Sunshine Coast North,Dead,,,,,,,,,,1,,,1
Long Nose Whaler,< 2m,Shark,Unknown,Active,0-1m,Yaroomba Beach Drum 22,Yaroomba Beach,Sunshine Coast North,Dead,,,,,,,,,,,,1,1
Long Nose Whaler,< 2m,Shark,Unknown,Active,0-1m Total,,,,,,,,,,,,,,1,,1,2
Long Nose Whaler,< 2m,Shark,Unknown,Active,1-2m,Alma Bay Drum 15,Alma Bay,Townsville,Dead,,,,1,,,,,,,,,1
Long Nose Whaler,< 2m,Shark,Unknown,Active Total,,,,,,,,,1,,,,,,1,,1,3
Long Nose Whaler,< 2m,Shark Total,,,,,,,,5,6,4,4,1,2,,2,,5,2,6,37
Long Nose Whaler,>= 2m,Shark,Female,Active,2-3m,Bilinga Beach Net 9,Bilinga Beach,Gold Coast,Dead,1,,,,,,1,,,,,,2
Long Nose Whaler,>= 2m,Shark,Female,Active,2-3m,Currumbin Beach Net 8,Currumbin Beach,Gold Coast,Dead,,,,1,,,,,,,,,1
Long Nose Whaler,>= 2m,Shark,Female,Active,2-3m,Maroochydore Net 6,Maroochydore,Sunshine Coast North,Dead,1,,,,,,,,,,,,1
Long Nose Whaler,>= 2m,Shark,Female,Active,2-3m,Rainbow Beach Net 3,Rainbow Beach,Rainbow Beach,Dead,,,,,,,,,,,,1,1
Long Nose Whaler,>= 2m,Shark,Female,Active,2-3m,Wurtulla Beach Net 10,Wurtulla Beach,Sunshine Coast South,Dead,,,,,,,,,,,,1,1
Long Nose Whaler,>= 2m,Shark,Female,Active,2-3m Total,,,,,2,,,1,,,1,,,,,2,6
Long Nose Whaler,>= 2m,Shark,Male,Active,2-3m,Caloundra Beach Net 11,Caloundra Beach,Sunshine Coast South,Dead,1,,,,,,,,,,,,1
Long Nose Whaler,>= 2m,Shark,Male,Active,2-3m,Coolum Beach Net 3,Coolum Beach,Sunshine Coast North,Dead,1,,,,,,,,,,,,1
Long Nose Whaler,>= 2m,Shark,Male,Active,2-3m,Rainbow Beach Net 2,Rainbow Beach,Rainbow Beach,Dead,,1,,,,,,,,,,,1
Long Nose Whaler,>= 2m,Shark,Male,Active,2-3m Total,,,,,2,1,,,,,,,,,,,3
Long Nose Whaler,>= 2m,Shark,Unknown,Active,2-3m,Rainbow Beach Net 3,Rainbow Beach,Rainbow Beach,Dead,,,,,1,,,,,,,,1
Long Nose Whaler,>= 2m,Shark Total,,,,,,,,4,1,,1,1,,1,,,,,2,10
Long Nose Whaler Total,,,,,,,,,,9,7,4,5,2,2,1,2,,5,2,8,47
Mako,< 2m,Shark,Female,Active,1-2m,North Peregian Beach Drum 12,North Peregian Beach,Sunshine Coast North,Dead,,,,,,,,1,,,,,1
Mako,< 2m,Shark,Male,Active,1-2m,Surfers Paradise Net 2,Surfers Paradise,Gold Coast,Dead,,,,,,,,,1,,,,1
Mako,< 2m,Shark Total,,,,,,,,,,,,,,,1,1,,,,2
Mako,>= 2m,Shark,Female,Active,2-3m,Coolangatta Beach Net 11,Coolangatta Beach,Gold Coast,Dead,,,,,,1,,,,,,,1
Mako,>= 2m,Shark,Female,Active,2-3m,Noosa Drum 1,Noosa,Sunshine Coast North,Alive,,,,,,,,,,,1,,1
Mako,>= 2m,Shark,Female,Active,2-3m Total,,,,,,,,,,1,,,,,1,,2
Mako,>= 2m,Shark,Male,Active,2-3m,Bilinga Beach Net 9,Bilinga Beach,Gold Coast,Dead,,,,,,,,,,1,,,1
Mako,>= 2m,Shark,Male,Active,3-4m,Ocean Beach Drum 24,Ocean Beach,Nth Stradbroke Is.,Dead,,,,,,,,1,,,,,1
Mako,>= 2m,Shark,Male,Active Total,,,,,,,,,,,,,1,,1,,,2
Mako,>= 2m,Shark Total,,,,,,,,,,,,,1,,1,,1,1,,4
Mako Total,,,,,,,,,,,,,,,1,,2,1,1,1,,6
Manta Ray,Non-shark,Other,Female,Active,Non-shark,Neilson Park Drum 6,Neilson Park,Bundaberg,Alive,,,,,1,,,,,,,,1
Manta Ray,Non-shark,Other,Unknown,Active,Non-shark,Burleigh Beach Net 6,Burleigh Beach,Gold Coast,Alive,,,,,,,,,,,1,,1
Manta Ray,Non-shark,Other,Unknown,Active,Non-shark,Noosa Drum 2,Noosa,Sunshine Coast North,Dead,,,,,,,,1,,,,,1
Manta Ray,Non-shark,Other,Unknown,Active,Non-shark,Noosa Net 1,Noosa,Sunshine Coast North,Dead,,,,,,1,,,,,,,1
Manta Ray,Non-shark,Other,Unknown,Active,Non-shark Total,,,,,,,,,,1,,1,,,1,,3
Manta Ray,Non-shark,Other Total,,,,,,,,,,,,1,1,,1,,,1,,4
Milk Shark,< 2m,Shark,Female,Active,0-1m,Horseshoe Bay Drum 32,Horseshoe Bay,Townsville,Dead,,,,,,,,,,,,1,1
Pigeye Whaler,< 2m,Shark,Male,Active,1-2m,Holloways Drum 35,Holloways,Cairns,Dead,,,,,,,,,,,,1,1
Pigeye Whaler,< 2m,Shark,Male,Active,1-2m,Palarenda Beach Drum 43,Palarenda Beach,Townsville,Dead,,,,,,,,,1,,,,1
Pigeye Whaler,< 2m,Shark,Male,Active,1-2m,Yorkeys Drum 32,Yorkeys,Cairns,Alive,,1,,,,,,,,,,,1
Pigeye Whaler,< 2m,Shark,Male,Active,1-2m Total,,,,,,1,,,,,,,1,,,1,3
Pigeye Whaler,< 2m,Shark,Unknown,Active,1-2m,Horseshoe Bay Drum 34,Horseshoe Bay,Townsville,Dead,,,,,,,,,,,1,,1
Pigeye Whaler,< 2m,Shark Total,,,,,,,,,1,,,,,,,1,,1,1,4
Queen Fish,Non-shark,Other,Unknown,Active,Non-shark,Maroochydore Net 5,Maroochydore,Sunshine Coast North,Dead,,,,,,,,1,,,,,1
Queen Fish,Non-shark,Other,Unknown,Active,Non-shark,Rainbow Beach Net 1,Rainbow Beach,Rainbow Beach,Dead,,,,,,,,,1,,,,1
Queen Fish,Non-shark,Other,Unknown,Active,Non-shark Total,,,,,,,,,,,,1,1,,,,2
Reticulate Whipray,Non-shark,Other,Unknown,Active,Non-shark,Horseshoe Bay Drum 36,Horseshoe Bay,Townsville,Alive,1,,,,,,,,,,,,1
Sandbar Whaler,< 2m,Shark,Female,Active,0-1m,Tannum Sands Drum 11,Tannum Sands,Gladstone,Dead,,,1,,,,,,,,,,1
Sandbar Whaler,< 2m,Shark,Female,Active,1-2m,Palm Beach Drum 21,Palm Beach,Gold Coast,Dead,,,,,,,,,,1,,,1
Sandbar Whaler,< 2m,Shark,Female,Active Total,,,,,,,,1,,,,,,,1,,,2
Sandbar Whaler,>= 2m,Shark,Female,Active,2-3m,Bargara Beach Drum 11,Bargara Beach,Bundaberg,Dead,,,,,,,,1,,,,,1
Sandbar Whaler Total,,,,,,,,,,,,1,,,,,1,,1,,,3
Scalloped Hammerhead,< 2m,Shark,Female,Active,0-1m,Kirra Beach Net 10,Kirra Beach,Gold Coast,Dead,,,,,,,,,,2,,,2
Scalloped Hammerhead,< 2m,Shark,Female,Active,1-2m,Coolangatta Beach Net 11,Coolangatta Beach,Gold Coast,Dead,,,,,1,,,,,,,,1
Scalloped Hammerhead,< 2m,Shark,Female,Active,1-2m,Currumbin Beach Net 8,Currumbin Beach,Gold Coast,Dead,,,,,,,,,,,,1,1
Scalloped Hammerhead,< 2m,Shark,Female,Active,1-2m,Kirra Beach Net 10,Kirra Beach,Gold Coast,Dead,,,,,,,,,,2,,,2
Scalloped Hammerhead,< 2m,Shark,Female,Active,1-2m,Mermaid Beach Net 4,Mermaid Beach,Gold Coast,Dead,,,,,,,,1,,,,,1
Scalloped Hammerhead,< 2m,Shark,Female,Active,1-2m,Tallebudgera Beach Net 7,Tallebudgera Beach,Gold Coast,Dead,,,,,,1,,,,,,,1
Scalloped Hammerhead,< 2m,Shark,Female,Active,1-2m Total,,,,,,,,,1,1,,1,,2,,1,6
Scalloped Hammerhead,< 2m,Shark,Female,Active Total,,,,,,,,,,1,1,,1,,4,,1,8
Scalloped Hammerhead,< 2m,Shark,Male,Active,1-2m,Bilinga Beach Net 9,Bilinga Beach,Gold Coast,Dead,1,,,,,,,,,,,,1
Scalloped Hammerhead,< 2m,Shark,Male,Active,1-2m,Currumbin Beach Net 8,Currumbin Beach,Gold Coast,Dead,,,,,,,,,,2,,,2
Scalloped Hammerhead,< 2m,Shark,Male,Active,1-2m,Nelly Bay Drum 8,Nelly Bay,Townsville,Dead,,,,,,1,,,,,,,1
Scalloped Hammerhead,< 2m,Shark,Male,Active,1-2m,Surfers Paradise Net 2,Surfers Paradise,Gold Coast,Dead,,,,,,,,,,1,,,1
Scalloped Hammerhead,< 2m,Shark,Male,Active,1-2m,Tannum Sands Drum 12,Tannum Sands,Gladstone,Dead,,,,,,,,1,,,,,1
Scalloped Hammerhead,< 2m,Shark,Male,Active,1-2m Total,,,,,1,,,,,1,,1,,3,,,6
Scalloped Hammerhead,< 2m,Shark Total,,,,,,,,1,,,,1,2,,2,,7,,1,14
Scalloped Hammerhead,>= 2m,Shark,Female,Active,2-3m,Bilinga Beach Net 9,Bilinga Beach,Gold Coast,Dead,,,,,,,,,,,,1,1
Scalloped Hammerhead,>= 2m,Shark,Female,Active,2-3m,Caloundra Beach Net 11,Caloundra Beach,Sunshine Coast South,Dead,,1,,,,,,,,,,,1
Scalloped Hammerhead,>= 2m,Shark,Female,Active,2-3m,Harbour Beach Net 1,Harbour Beach,Mackay,Dead,,,,,,,,,,,1,,1
Scalloped Hammerhead,>= 2m,Shark,Female,Active,2-3m Total,,,,,,1,,,,,,,,,1,1,3
Scalloped Hammerhead,>= 2m,Shark,Male,Active,2-3m,Nelly Bay Drum 12,Nelly Bay,Townsville,Dead,,,,,,,,1,,,,,1
Scalloped Hammerhead,>= 2m,Shark Total,,,,,,,,,1,,,,,,1,,,1,1,4
Scalloped Hammerhead Total,,,,,,,,,,1,1,,,1,2,,3,,7,1,2,18
Sharptooth Shark,>= 2m,Shark,Female,Active,2-3m,Eimeo Beach Drum 16,Eimeo Beach,Mackay,Dead,,,,,,,,,,,,1,1
Sharptooth Shark,>= 2m,Shark,Male,Active,2-3m,Ellis Beach Drum 2,Ellis Beach,Cairns,Alive,,,,,,,,,,1,,,1
Sharptooth Shark,>= 2m,Shark,Male,Active,2-3m,Oak Beach Drum 1,Oak Beach,Bundaberg,Dead,,,,,,,,,,,,1,1
Sharptooth Shark,>= 2m,Shark,Male,Active,2-3m Total,,,,,,,,,,,,,,1,,1,2
Sharptooth Shark,>= 2m,Shark,Unknown,Active,2-3m,Harbour Beach Drum 38,Harbour Beach,Mackay,Dead,,,1,,,,,,,,,,1
Sharptooth Shark,>= 2m,Shark Total,,,,,,,,,,1,,,,,,,1,,2,4
Shovelnosed Ray *,Non-shark,Other,Female,Active,Non-shark,Bilinga Beach Net 9,Bilinga Beach,Gold Coast,Dead,,,,,,,,,,,1,,1
Shovelnosed Ray *,Non-shark,Other,Female,Active,Non-shark,Noosa Net 1,Noosa,Sunshine Coast North,Dead,1,,,,,,,,,,,,1
Shovelnosed Ray *,Non-shark,Other,Female,Active,Non-shark Total,,,,,1,,,,,,,,,,1,,2
Shovelnosed Ray *,Non-shark,Other,Male,Active,Non-shark,Eimeo Beach Drum 15,Eimeo Beach,Mackay,Alive,,,,,,1,,,,,,,1
Shovelnosed Ray *,Non-shark,Other,Unknown,Active,Non-shark,Currumbin Beach Net 8,Currumbin Beach,Gold Coast,Dead,,1,,,,,,,,,,,1
Shovelnosed Ray *,Non-shark,Other,Unknown,Active,Non-shark,Kirra Beach Net 10,Kirra Beach,Gold Coast,Alive,,1,,,,,,,,,,,1
Shovelnosed Ray *,Non-shark,Other,Unknown,Active,Non-shark,Lammermoor Beach Drum 26,Lammermoor Beach,Capricorn Coast,Dead,,,,,,,,1,,,,,1
Shovelnosed Ray *,Non-shark,Other,Unknown,Active,Non-shark Total,,,,,,2,,,,,,1,,,,,3
Shovelnosed Ray *,Non-shark,Other Total,,,,,,,,1,2,,,,1,,1,,,1,,6
Snapper,Non-shark,Other,Unknown,Active,Non-shark,North Peregian Beach Drum 12,North Peregian Beach,Sunshine Coast North,Dead,,,,,,,1,,,,,,1
Snapper,Non-shark,Other,Unknown,Active,Non-shark,Rainbow Beach Drum 7,Rainbow Beach,Rainbow Beach,Dead,,,,,1,,,,,,,,1
Snapper,Non-shark,Other,Unknown,Active,Non-shark Total,,,,,,,,,1,,1,,,,,,2
Spinner Dolphin,Non-shark,Mammal,Female,Active,Non-shark,Burleigh Beach Net 6,Burleigh Beach,Gold Coast,Dead,,,,1,,,,,,,,,1
Spot-Tail Whaler,< 2m,Shark,Female,Active,0-1m,Alma Bay Drum 20,Alma Bay,Townsville,Dead,,,,,,,,1,,,,,1
Spot-Tail Whaler,< 2m,Shark,Female,Active,0-1m,Holloways Drum 36,Holloways,Cairns,Dead,,,,,,,,,,,,1,1
Spot-Tail Whaler,< 2m,Shark,Female,Active,0-1m,Horseshoe Bay Drum 32,Horseshoe Bay,Townsville,Dead,,,1,,,,,,,,,,1
Spot-Tail Whaler,< 2m,Shark,Female,Active,0-1m,Tannum Sands Drum 11,Tannum Sands,Gladstone,Dead,,,,,,,,,,1,,,1
Spot-Tail Whaler,< 2m,Shark,Female,Active,0-1m,Tannum Sands Drum 9,Tannum Sands,Gladstone,Dead,,,,,,,,,1,,,,1
Spot-Tail Whaler,< 2m,Shark,Female,Active,0-1m Total,,,,,,,1,,,,,1,1,1,,1,5
Spot-Tail Whaler,< 2m,Shark,Female,Active,1-2m,Ellis Beach Drum 1,Ellis Beach,Cairns,Dead,,,,,,,,,,,,1,1
Spot-Tail Whaler,< 2m,Shark,Female,Active,1-2m,Ellis Beach Drum 5,Ellis Beach,Cairns,Dead,,,,,,,,,,,,1,1
Spot-Tail Whaler,< 2m,Shark,Female,Active,1-2m,Florence Bay Drum 24,Florence Bay,Townsville,Dead,,,,,,,,,,,1,,1
Spot-Tail Whaler,< 2m,Shark,Female,Active,1-2m,Florence Bay Drum 25,Florence Bay,Townsville,Dead,,,,,,,,,,1,,,1
Spot-Tail Whaler,< 2m,Shark,Female,Active,1-2m,Holloways Drum 37,Holloways,Cairns,Dead,,,,,,,,,,,,1,1
Spot-Tail Whaler,< 2m,Shark,Female,Active,1-2m,Horseshoe Bay Drum 31,Horseshoe Bay,Townsville,Dead,,,,,,,,,,,1,,1
Spot-Tail Whaler,< 2m,Shark,Female,Active,1-2m,Horseshoe Bay Drum 35,Horseshoe Bay,Townsville,Dead,1,,,,,,,,,,,,1
Spot-Tail Whaler,< 2m,Shark,Female,Active,1-2m,Horseshoe Bay Drum 39,Horseshoe Bay,Townsville,Dead,,,1,,,,,,,,,,1
Spot-Tail Whaler,< 2m,Shark,Female,Active,1-2m,Horseshoe Bay Drum 41,Horseshoe Bay,Townsville,Dead,,,,,,,,,,1,,,1
Spot-Tail Whaler,< 2m,Shark,Female,Active,1-2m,Horseshoe Bay Drum 42,Horseshoe Bay,Townsville,Dead,,,,1,,,,,,,,,1
Spot-Tail Whaler,< 2m,Shark,Female,Active,1-2m,Nelly Bay Drum 6,Nelly Bay,Townsville,Dead,1,,,,,,,,,,,,1
Spot-Tail Whaler,< 2m,Shark,Female,Active,1-2m,Tannum Sands Drum 8,Tannum Sands,Gladstone,Dead,,,,,,,,,,,1,,1
Spot-Tail Whaler,< 2m,Shark,Female,Active,1-2m,The Strand Drum 52,The Strand,Townsville,Dead,,,1,,,,,,,,,,1
Spot-Tail Whaler,< 2m,Shark,Female,Active,1-2m,Trinity Drum 25,Trinity,Cairns,Dead,,,,,,,,,,,1,,1
Spot-Tail Whaler,< 2m,Shark,Female,Active,1-2m Total,,,,,2,,2,1,,,,,,2,4,3,14
Spot-Tail Whaler,< 2m,Shark,Female,Active Total,,,,,,2,,3,1,,,,1,1,3,4,4,19
Spot-Tail Whaler,< 2m,Shark,Male,Active,1-2m,Florence Bay Drum 22,Florence Bay,Townsville,Dead,,1,,,,,,,,,,,1
Spot-Tail Whaler,< 2m,Shark,Male,Active,1-2m,Florence Bay Drum 24,Florence Bay,Townsville,Dead,,1,,,,,,,,,,,1
Spot-Tail Whaler,< 2m,Shark,Male,Active,1-2m,Radical Bay Drum 28,Radical Bay,Townsville,Dead,,1,,,,,,,,,,,1
Spot-Tail Whaler,< 2m,Shark,Male,Active,1-2m Total,,,,,,3,,,,,,,,,,,3
Spot-Tail Whaler,< 2m,Shark,Unknown,Active,1-2m,Florence Bay Drum 23,Florence Bay,Townsville,Dead,,,,,,,,,1,,,,1
Spot-Tail Whaler,< 2m,Shark,Unknown,Active,1-2m,Horseshoe Bay Drum 31,Horseshoe Bay,Townsville,Dead,,,,,,,,,,,,1,1
Spot-Tail Whaler,< 2m,Shark,Unknown,Active,1-2m,Horseshoe Bay Drum 33,Horseshoe Bay,Townsville,Dead,,,1,,,,,,,,,,1
Spot-Tail Whaler,< 2m,Shark,Unknown,Active,1-2m,Horseshoe Bay Drum 34,Horseshoe Bay,Townsville,Dead,,,,,,,,,,,1,,1
Spot-Tail Whaler,< 2m,Shark,Unknown,Active,1-2m,Palarenda Beach Drum 43,Palarenda Beach,Townsville,Dead,,1,,,,,,,,,1,,2
Spot-Tail Whaler,< 2m,Shark,Unknown,Active,1-2m,Radical Bay Drum 27,Radical Bay,Townsville,Dead,1,,,,,,,,,,,,1
Spot-Tail Whaler,< 2m,Shark,Unknown,Active,1-2m,The Strand Drum 47,The Strand,Townsville,Dead,,,1,,,,,,,,,,1
Spot-Tail Whaler,< 2m,Shark,Unknown,Active,1-2m,The Strand Drum 49,The Strand,Townsville,Dead,1,,,,,,,,,,,,1
Spot-Tail Whaler,< 2m,Shark,Unknown,Active,1-2m Total,,,,,2,1,2,,,,,,1,,2,1,9
Spot-Tail Whaler,< 2m,Shark Total,,,,,,,,4,4,5,1,,,,1,2,3,6,5,31
Spot-Tail Whaler,>= 2m,Shark,Unknown,Active,5m +,Ellis Beach Drum 2,Ellis Beach,Cairns,Dead,,,,,,,,,,,,1,1
Spot-Tail Whaler Total,,,,,,,,,,4,4,5,1,,,,1,2,3,6,6,32
Sweetlip,Non-shark,Other,Unknown,Active,Non-shark,Glen Eden Beach Drum 14,Glen Eden Beach,Sunshine Coast North,Dead,,,,,,,,,,,1,,1
Tawny Shark,< 2m,Shark,Female,Active,1-2m,Burleigh Beach Net 6,Burleigh Beach,Gold Coast,Alive,,1,,,,,,,,,,,1
Tawny Shark,< 2m,Shark,Female,Active,1-2m,Palm Cove Drum 14,Palm Cove,Cairns,Alive,1,,,,,,,,,,,,1
Tawny Shark,< 2m,Shark,Female,Active,1-2m,Palm Cove Drum 17,Palm Cove,Cairns,Alive,,,1,,,,,,,,,,1
Tawny Shark,< 2m,Shark,Female,Active,1-2m Total,,,,,1,1,1,,,,,,,,,,3
Tawny Shark,< 2m,Shark,Male,Active,1-2m,Horseshoe Bay Drum 34,Horseshoe Bay,Townsville,Alive,,,,,,,1,,,,,,1
Tawny Shark,< 2m,Shark Total,,,,,,,,1,1,1,,,,1,,,,,,4
Tawny Shark,>= 2m,Shark,Female,Active,2-3m,Alma Bay Drum 17,Alma Bay,Townsville,Alive,,,,,,,,,,1,,,1
Tawny Shark,>= 2m,Shark,Female,Active,2-3m,Buchans Drum 9,Buchans,Cairns,Alive,,,,,,,,,,,,1,1
Tawny Shark,>= 2m,Shark,Female,Active,2-3m,Clifton Drum 22,Clifton,Cairns,Alive,,,,,,,,,,,1,,1
Tawny Shark,>= 2m,Shark,Female,Active,2-3m,Ellis Beach Drum 4,Ellis Beach,Cairns,Alive,,,,,,,,,,1,,,1
Tawny Shark,>= 2m,Shark,Female,Active,2-3m,Horseshoe Bay Drum 41,Horseshoe Bay,Townsville,Alive,,,,,,,,,,,,1,1
Tawny Shark,>= 2m,Shark,Female,Active,2-3m,Lamberts Beach Drum 26,Lamberts Beach,Mackay,Alive,,,,,,,,,,,1,,1
Tawny Shark,>= 2m,Shark,Female,Active,2-3m,Lamberts Beach Drum 28,Lamberts Beach,Mackay,Alive,1,,,,,,,,,,,,1
Tawny Shark,>= 2m,Shark,Female,Active,2-3m,Lamberts Beach Drum 29,Lamberts Beach,Mackay,Alive,,,,,,,,,,,1,,1
Tawny Shark,>= 2m,Shark,Female,Active,2-3m,Nelly Bay Drum 10,Nelly Bay,Townsville,Alive,,,,,,,,,,1,,,1
Tawny Shark,>= 2m,Shark,Female,Active,2-3m,Palm Cove Drum 11,Palm Cove,Cairns,Alive,,,1,,,,,,,,,,1
Tawny Shark,>= 2m,Shark,Female,Active,2-3m,Picnic Bay Drum 5,Picnic Bay,Townsville,Dead,1,,,,1,,,,,,,,2
Tawny Shark,>= 2m,Shark,Female,Active,2-3m,South Lamberts Drum 33,South Lamberts,Mackay,Dead,1,,,,,,,,,,,,1
Tawny Shark,>= 2m,Shark,Female,Active,2-3m,Trinity Drum 26,Trinity,Cairns,Alive,,,,1,,,,,,,,,1
Tawny Shark,>= 2m,Shark,Female,Active,2-3m Total,,,,,3,,1,1,1,,,,,3,3,2,14
Tawny Shark,>= 2m,Shark,Male,Active,2-3m,Buchans Drum 8,Buchans,Cairns,Dead,,,,,,,,,,,,1,1
Tawny Shark,>= 2m,Shark,Male,Active,2-3m,Florence Bay Drum 24,Florence Bay,Townsville,Alive,,1,,,1,,,,,,,,2
Tawny Shark,>= 2m,Shark,Male,Active,2-3m,Horseshoe Bay Drum 31,Horseshoe Bay,Townsville,Alive,,,,,,,,,,,1,,1
Tawny Shark,>= 2m,Shark,Male,Active,2-3m,Horseshoe Bay Drum 41,Horseshoe Bay,Townsville,Alive,,,,,,,,,,,,1,1
Tawny Shark,>= 2m,Shark,Male,Active,2-3m,Horseshoe Bay Drum 42,Horseshoe Bay,Townsville,Alive,,,,,,,,1,,,,,1
Tawny Shark,>= 2m,Shark,Male,Active,2-3m,Lamberts Beach Drum 25,Lamberts Beach,Mackay,Alive,,,,,,,,,,,1,,1
Tawny Shark,>= 2m,Shark,Male,Active,2-3m,Radical Bay Drum 28,Radical Bay,Townsville,Alive,,,,,,,,,1,,,,1
Tawny Shark,>= 2m,Shark,Male,Active,2-3m Total,,,,,,1,,,1,,,1,1,,2,2,8
Tawny Shark,>= 2m,Shark Total,,,,,,,,3,1,1,1,2,,,1,1,3,5,4,22
Tawny Shark Total,,,,,,,,,,4,2,2,1,2,,1,1,1,3,5,4,26
Tiger Shark,< 2m,Shark,Female,Active,0-1m,Blacks Beach Drum 21,Blacks Beach,Mackay,Dead,,,,,,,,,1,,,,1
Tiger Shark,< 2m,Shark,Female,Active,0-1m,Buddina Beach Drum 46,Buddina Beach,Sunshine Coast South,Dead,,,1,,,,,,,,,,1
Tiger Shark,< 2m,Shark,Female,Active,0-1m,Clifton Drum 19,Clifton,Cairns,Alive,,,,,,1,,,,,,,1
Tiger Shark,< 2m,Shark,Female,Active,0-1m Total,,,,,,,1,,,1,,,1,,,,3
Tiger Shark,< 2m,Shark,Female,Active,1-2m,Bucasia Beach Drum 5,Bucasia Beach,Mackay,Dead,,,,,,,,,,,1,,1
Tiger Shark,< 2m,Shark,Female,Active,1-2m,Buchans Drum 8,Buchans,Cairns,Dead,,,1,,,,,,,,,,1
Tiger Shark,< 2m,Shark,Female,Active,1-2m,Caloundra Beach Drum 59,Caloundra Beach,Sunshine Coast South,Dead,,,,,,,,,1,,,,1
Tiger Shark,< 2m,Shark,Female,Active,1-2m,Eimeo Beach Drum 16,Eimeo Beach,Mackay,Dead,,,,,,1,,,,,,,1
Tiger Shark,< 2m,Shark,Female,Active,1-2m,Flinders Beach Drum 11,Flinders Beach,Nth Stradbroke Is.,Dead,1,,,,,,,,,,,,1
Tiger Shark,< 2m,Shark,Female,Active,1-2m,Florence Bay Drum 24,Florence Bay,Townsville,Alive,,,,1,,,,,,,,,1
Tiger Shark,< 2m,Shark,Female,Active,1-2m,Harbour Beach Drum 37,Harbour Beach,Mackay,Dead,,,1,,,,,,,,,,1
Tiger Shark,< 2m,Shark,Female,Active,1-2m,Harbour Beach Drum 38,Harbour Beach,Mackay,Alive,,,,,,,1,,,,,,1
Tiger Shark,< 2m,Shark,Female,Active,1-2m,Harbour Beach Drum 38,Harbour Beach,Mackay,Dead,1,,,,,,,,,,,,1
Tiger Shark,< 2m,Shark,Female,Active,1-2m,Harbour Beach Drum 38,Harbour Beach,Mackay Total,,1,,,,,,1,,,,,,2
Tiger Shark,< 2m,Shark,Female,Active,1-2m,Horseshoe Bay Drum 40,Horseshoe Bay,Townsville,Dead,,,,,,1,,,,,,,1
Tiger Shark,< 2m,Shark,Female,Active,1-2m,Horseshoe Bay Drum 41,Horseshoe Bay,Townsville,Alive,,,,,,,1,,,,,,1
Tiger Shark,< 2m,Shark,Female,Active,1-2m,Kellys Beach Drum 13,Kellys Beach,Bundaberg,Alive,,,,,1,,,,1,,,,2
Tiger Shark,< 2m,Shark,Female,Active,1-2m,Kellys Beach Drum 14,Kellys Beach,Bundaberg,Alive,,,,,,1,1,,,,,,2
Tiger Shark,< 2m,Shark,Female,Active,1-2m,Kellys Beach Drum 19,Kellys Beach,Bundaberg,Dead,,,,,,1,1,,1,,,,3
Tiger Shark,< 2m,Shark,Female,Active,1-2m,Lamberts Beach Drum 26,Lamberts Beach,Mackay,Dead,,,,,,,1,,,,,,1
Tiger Shark,< 2m,Shark,Female,Active,1-2m,Maroochydore Net 6,Maroochydore,Sunshine Coast North,Alive,,1,,,,,,,,,,,1
Tiger Shark,< 2m,Shark,Female,Active,1-2m,Neilson Park Drum 3,Neilson Park,Bundaberg,Alive,,,,,1,,1,,,,,,2
Tiger Shark,< 2m,Shark,Female,Active,1-2m,Neilson Park Drum 3,Neilson Park,Bundaberg,Dead,1,,,,,,,,,,,,1
Tiger Shark,< 2m,Shark,Female,Active,1-2m,Neilson Park Drum 3,Neilson Park,Bundaberg Total,,1,,,,1,,1,,,,,,3
Tiger Shark,< 2m,Shark,Female,Active,1-2m,Neilson Park Drum 6,Neilson Park,Bundaberg,Alive,,,,,,1,,,,,,,1
Tiger Shark,< 2m,Shark,Female,Active,1-2m,Neilson Park Drum 7,Neilson Park,Bundaberg,Dead,,,,,,,,1,,,,,1
Tiger Shark,< 2m,Shark,Female,Active,1-2m,Neilson Park Drum 8,Neilson Park,Bundaberg,Alive,,,,,1,,,,,,,,1
Tiger Shark,< 2m,Shark,Female,Active,1-2m,Nobbys Beach Drum 18,Nobbys Beach,Gold Coast,Dead,1,,,,,,,,,,,,1
Tiger Shark,< 2m,Shark,Female,Active,1-2m,Noosa Drum 1,Noosa,Sunshine Coast North,Dead,,,,,,,,,1,,,,1
Tiger Shark,< 2m,Shark,Female,Active,1-2m,Noosa Drum 2,Noosa,Sunshine Coast North,Dead,1,,,,,,,,,,,,1
Tiger Shark,< 2m,Shark,Female,Active,1-2m,Noosa Drum 3,Noosa,Sunshine Coast North,Dead,,,,1,,,,,1,,,,2
Tiger Shark,< 2m,Shark,Female,Active,1-2m,North Peregian Beach Drum 11,North Peregian Beach,Sunshine Coast North,Dead,,1,,,,,,,,,,,1
Tiger Shark,< 2m,Shark,Female,Active,1-2m,Oak Beach Drum 1,Oak Beach,Bundaberg,Dead,,,,,,,,,1,,,,1
Tiger Shark,< 2m,Shark,Female,Active,1-2m,Oak Beach Drum 2,Oak Beach,Bundaberg,Dead,,,,,,2,,,,,,,2
Tiger Shark,< 2m,Shark,Female,Active,1-2m,Rainbow Beach Drum 4,Rainbow Beach,Rainbow Beach,Dead,,1,,,,,,,,,,,1
Tiger Shark,< 2m,Shark,Female,Active,1-2m,Rainbow Beach Drum 8,Rainbow Beach,Rainbow Beach,Dead,,,,,,,,,1,,,,1
Tiger Shark,< 2m,Shark,Female,Active,1-2m,Sheraton Mirage Drum 2,Sheraton Mirage,Gold Coast,Dead,1,,,,,,,,,,,,1
Tiger Shark,< 2m,Shark,Female,Active,1-2m Total,,,,,6,3,2,2,3,7,6,1,7,,1,,38
Tiger Shark,< 2m,Shark,Female,Active Total,,,,,,6,3,3,2,3,8,6,1,8,,1,,41
Tiger Shark,< 2m,Shark,Male,Active,0-1m,Cylinder Beach Drum 13,Cylinder Beach,Nth Stradbroke Is.,Dead,,,,1,,,,,,,,,1
Tiger Shark,< 2m,Shark,Male,Active,1-2m,Buchans Drum 9,Buchans,Cairns,Dead,,1,,,,,,,,,,,1
Tiger Shark,< 2m,Shark,Male,Active,1-2m,Cylinder Beach Drum 23,Cylinder Beach,Nth Stradbroke Is.,Dead,,,,,,,,,,1,,,1
Tiger Shark,< 2m,Shark,Male,Active,1-2m,Ellis Beach Drum 6,Ellis Beach,Cairns,Dead,,,,,,,,,,,,1,1
Tiger Shark,< 2m,Shark,Male,Active,1-2m,Florence Bay Drum 23,Florence Bay,Townsville,Alive,,1,,,,,,,,,,,1
Tiger Shark,< 2m,Shark,Male,Active,1-2m,Florence Bay Drum 24,Florence Bay,Townsville,Dead,1,,,,,,,,,,,,1
Tiger Shark,< 2m,Shark,Male,Active,1-2m,Harbour Beach Drum 39,Harbour Beach,Mackay,Alive,,,,,,,,1,,,,,1
Tiger Shark,< 2m,Shark,Male,Active,1-2m,Harbour Beach Drum 43,Harbour Beach,Mackay,Alive,,,,,,,1,,,,,,1
Tiger Shark,< 2m,Shark,Male,Active,1-2m,Horseshoe Bay Drum 31,Horseshoe Bay,Townsville,Alive,,,,,,1,,,,,,,1
Tiger Shark,< 2m,Shark,Male,Active,1-2m,Horseshoe Bay Drum 34,Horseshoe Bay,Townsville,Alive,,,,,,2,,,,,,,2
Tiger Shark,< 2m,Shark,Male,Active,1-2m,Horseshoe Bay Drum 39,Horseshoe Bay,Townsville,Dead,,,,,,,1,,,,,,1
Tiger Shark,< 2m,Shark,Male,Active,1-2m,Hyatt Resort Drum 25,Hyatt Resort,Sunshine Coast North,Alive,,,,,,,,1,,,,,1
Tiger Shark,< 2m,Shark,Male,Active,1-2m,Kellys Beach Drum 12,Kellys Beach,Bundaberg,Dead,,,,,1,,,,,,,,1
Tiger Shark,< 2m,Shark,Male,Active,1-2m,Kellys Beach Drum 13,Kellys Beach,Bundaberg,Alive,,,,1,,,,,,,,,1
Tiger Shark,< 2m,Shark,Male,Active,1-2m,Kellys Beach Drum 16,Kellys Beach,Bundaberg,Alive,,,,,,,1,,,,,,1
Tiger Shark,< 2m,Shark,Male,Active,1-2m,Lamberts Beach Drum 25,Lamberts Beach,Mackay,Alive,,,,,,,,1,,,,,1
Tiger Shark,< 2m,Shark,Male,Active,1-2m,Neilson Park Drum 4,Neilson Park,Bundaberg,Dead,,,,,1,,,,,,,,1
Tiger Shark,< 2m,Shark,Male,Active,1-2m,Neilson Park Drum 8,Neilson Park,Bundaberg,Dead,,,,,,,1,,,,,,1
Tiger Shark,< 2m,Shark,Male,Active,1-2m,North Kirra Beach Drum 27,North Kirra Beach,Gold Coast,Alive,,,,,,,,,,,,1,1
Tiger Shark,< 2m,Shark,Male,Active,1-2m,Palarenda Beach Drum 45,Palarenda Beach,Townsville,Dead,,,,,,,,1,,,,,1
Tiger Shark,< 2m,Shark,Male,Active,1-2m,Radical Bay Drum 30,Radical Bay,Townsville,Dead,,,,,,,1,,,,,,1
Tiger Shark,< 2m,Shark,Male,Active,1-2m,Rainbow Beach Drum 6,Rainbow Beach,Rainbow Beach,Dead,,,,,,,1,,,,,,1
Tiger Shark,< 2m,Shark,Male,Active,1-2m,Tannum Sands Drum 6,Tannum Sands,Gladstone,Dead,,,,,1,,,,,,,,1
Tiger Shark,< 2m,Shark,Male,Active,1-2m,Twin Waters Resort Drum 37,Twin Waters Resort,Sunshine Coast North,Dead,,,,,,,1,,,,,,1
Tiger Shark,< 2m,Shark,Male,Active,1-2m,Twin Waters Resort Drum 38,Twin Waters Resort,Sunshine Coast North,Dead,,,,,,,,,,1,,,1
Tiger Shark,< 2m,Shark,Male,Active,1-2m Total,,,,,1,2,,1,3,3,7,4,,2,,2,25
Tiger Shark,< 2m,Shark,Male,Active Total,,,,,,1,2,,2,3,3,7,4,,2,,2,26
Tiger Shark,< 2m,Shark,Unknown,Active,0-1m,Ocean Beach Drum 28,Ocean Beach,Nth Stradbroke Is.,Dead,1,,,,,,,,,,,,1
Tiger Shark,< 2m,Shark,Unknown,Active,1-2m,Harbour Beach Drum 39,Harbour Beach,Mackay,Alive,,,,1,,,,,,,,,1
Tiger Shark,< 2m,Shark,Unknown,Active,1-2m,Horseshoe Bay Drum 32,Horseshoe Bay,Townsville,Dead,,,1,,,,,,,,,,1
Tiger Shark,< 2m,Shark,Unknown,Active,1-2m,Horseshoe Bay Drum 33,Horseshoe Bay,Townsville,Dead,,,,,,1,,,,,,,1
Tiger Shark,< 2m,Shark,Unknown,Active,1-2m,Yaroomba Beach Drum 21,Yaroomba Beach,Sunshine Coast North,Dead,,,,,,,,,,1,,,1
Tiger Shark,< 2m,Shark,Unknown,Active,1-2m Total,,,,,,,1,1,,1,,,,1,,,4
Tiger Shark,< 2m,Shark,Unknown,Active Total,,,,,,1,,1,1,,1,,,,1,,,5
Tiger Shark,< 2m,Shark Total,,,,,,,,8,5,4,5,6,12,13,5,8,3,1,2,72
Tiger Shark,>= 2m,Shark,Female,Active,2-3m,Bargara Beach Drum 9,Bargara Beach,Bundaberg,Alive,,,,1,,,,,,,,,1
Tiger Shark,>= 2m,Shark,Female,Active,2-3m,Buddina Beach Drum 44,Buddina Beach,Sunshine Coast South,Dead,,,,,,,,,,,,1,1
Tiger Shark,>= 2m,Shark,Female,Active,2-3m,Caloundra Beach Drum 56,Caloundra Beach,Sunshine Coast South,Alive,,,,,,,,,,,1,,1
Tiger Shark,>= 2m,Shark,Female,Active,2-3m,Ellis Beach Drum 1,Ellis Beach,Cairns,Dead,,,,1,,,,,,,,,1
Tiger Shark,>= 2m,Shark,Female,Active,2-3m,Ellis Beach Drum 3,Ellis Beach,Cairns,Alive,,,,,,1,,,,,,,1
Tiger Shark,>= 2m,Shark,Female,Active,2-3m,Farnborough Beach Drum 4,Farnborough Beach,Capricorn Coast,Alive,,,,,,,,1,,,,,1
Tiger Shark,>= 2m,Shark,Female,Active,2-3m,Fishermans Beach Drum 43,Fishermans Beach,Capricorn Coast,Alive,,,,,,1,,,,,,,1
Tiger Shark,>= 2m,Shark,Female,Active,2-3m,Flinders Beach Drum 11,Flinders Beach,Nth Stradbroke Is.,Alive,,,,,,,,,,,1,,1
Tiger Shark,>= 2m,Shark,Female,Active,2-3m,Glen Eden Beach Drum 15,Glen Eden Beach,Sunshine Coast North,Alive,,,,,,,,,1,,,,1
Tiger Shark,>= 2m,Shark,Female,Active,2-3m,Harbour Beach Drum 38,Harbour Beach,Mackay,Alive,,1,,,,,,,,,,,1
Tiger Shark,>= 2m,Shark,Female,Active,2-3m,Harbour Beach Drum 39,Harbour Beach,Mackay,Dead,1,,,,,,,,,,,,1
Tiger Shark,>= 2m,Shark,Female,Active,2-3m,Harbour Beach Drum 40,Harbour Beach,Mackay,Dead,,,,,,,,1,,,,,1
Tiger Shark,>= 2m,Shark,Female,Active,2-3m,Harbour Beach Net 1,Harbour Beach,Mackay,Dead,,,,,,,,1,,,,,1
Tiger Shark,>= 2m,Shark,Female,Active,2-3m,Holloways Drum 34,Holloways,Cairns,Dead,,,,,,1,,,,,,,1
Tiger Shark,>= 2m,Shark,Female,Active,2-3m,Holloways Drum 35,Holloways,Cairns,Alive,,,,,,1,,,,,,,1
Tiger Shark,>= 2m,Shark,Female,Active,2-3m,Horseshoe Bay Drum 34,Horseshoe Bay,Townsville,Alive,,,,,,,1,,,,,,1
Tiger Shark,>= 2m,Shark,Female,Active,2-3m,Horseshoe Bay Drum 41,Horseshoe Bay,Townsville,Dead,,,,,,,,,,,,1,1
Tiger Shark,>= 2m,Shark,Female,Active,2-3m,Hyatt Resort Drum 26,Hyatt Resort,Sunshine Coast North,Alive,,,,,,,,,,,1,,1
Tiger Shark,>= 2m,Shark,Female,Active,2-3m,Kellys Beach Drum 12,Kellys Beach,Bundaberg,Dead,,,,,,,1,,,,,,1
Tiger Shark,>= 2m,Shark,Female,Active,2-3m,Kellys Beach Drum 13,Kellys Beach,Bundaberg,Alive,,,,,,,,1,,,,,1
Tiger Shark,>= 2m,Shark,Female,Active,2-3m,Kellys Beach Drum 14,Kellys Beach,Bundaberg,Dead,,1,,,,,,,,,,,1
Tiger Shark,>= 2m,Shark,Female,Active,2-3m,Kellys Beach Drum 18,Kellys Beach,Bundaberg,Alive,,,,,,1,,,,,1,,2
Tiger Shark,>= 2m,Shark,Female,Active,2-3m,Kellys Beach Drum 19,Kellys Beach,Bundaberg,Alive,,,,,,,,,,1,,,1
Tiger Shark,>= 2m,Shark,Female,Active,2-3m,Kellys Beach Drum 20,Kellys Beach,Bundaberg,Dead,,,,,,,,1,,,,,1
Tiger Shark,>= 2m,Shark,Female,Active,2-3m,Lamberts Beach Drum 25,Lamberts Beach,Mackay,Alive,,,,,,,,,1,,,,1
Tiger Shark,>= 2m,Shark,Female,Active,2-3m,Lamberts Beach Drum 26,Lamberts Beach,Mackay,Dead,,1,,,,,,,,,,,1
Tiger Shark,>= 2m,Shark,Female,Active,2-3m,Neilson Park Drum 3,Neilson Park,Bundaberg,Alive,,,,1,,,,,,,,,1
Tiger Shark,>= 2m,Shark,Female,Active,2-3m,Neilson Park Drum 5,Neilson Park,Bundaberg,Alive,,,,,,1,,,,,,,1
Tiger Shark,>= 2m,Shark,Female,Active,2-3m,Neilson Park Drum 6,Neilson Park,Bundaberg,Dead,,,,,1,,,,,,,,1
Tiger Shark,>= 2m,Shark,Female,Active,2-3m,Neilson Park Drum 7,Neilson Park,Bundaberg,Dead,,,,,,,,,,,1,,1
Tiger Shark,>= 2m,Shark,Female,Active,2-3m,Neilson Park Drum 8,Neilson Park,Bundaberg,Alive,,,,1,,,,,,,,,1
Tiger Shark,>= 2m,Shark,Female,Active,2-3m,Nelly Bay Drum 11,Nelly Bay,Townsville,Alive,,,,1,,,,,,,,,1
Tiger Shark,>= 2m,Shark,Female,Active,2-3m,Ocean Beach Drum 27,Ocean Beach,Nth Stradbroke Is.,Dead,,,,,1,,,,,,,,1
Tiger Shark,>= 2m,Shark,Female,Active,2-3m,Ocean Beach Drum 28,Ocean Beach,Nth Stradbroke Is.,Alive,,,,,1,,,,,,,,1
Tiger Shark,>= 2m,Shark,Female,Active,2-3m,Palarenda Beach Drum 43,Palarenda Beach,Townsville,Dead,,1,,,,,,,,,,,1
Tiger Shark,>= 2m,Shark,Female,Active,2-3m,Radical Bay Drum 30,Radical Bay,Townsville,Dead,,1,,,,,,,,,,,1
Tiger Shark,>= 2m,Shark,Female,Active,2-3m,Rainbow Bay Drum 34,Rainbow Bay,Gold Coast,Alive,,,,,,,,,1,,,,1
Tiger Shark,>= 2m,Shark,Female,Active,2-3m,Rainbow Beach Drum 1,Rainbow Beach,Rainbow Beach,Dead,,,,,1,,,,,,,,1
Tiger Shark,>= 2m,Shark,Female,Active,2-3m,Rainbow Beach Drum 12,Rainbow Beach,Rainbow Beach,Alive,,,,,,1,,,,,,,1
Tiger Shark,>= 2m,Shark,Female,Active,2-3m,Rainbow Beach Drum 2,Rainbow Beach,Rainbow Beach,Alive,,,,,,,1,,,,,,1
Tiger Shark,>= 2m,Shark,Female,Active,2-3m,Rainbow Beach Net 2,Rainbow Beach,Rainbow Beach,Dead,,,,,,,,,,1,,,1
Tiger Shark,>= 2m,Shark,Female,Active,2-3m,Rainbow Beach Net 3,Rainbow Beach,Rainbow Beach,Dead,,,,,,,,,,,1,,1
Tiger Shark,>= 2m,Shark,Female,Active,2-3m,Tanby Point Drum 42,Tanby Point,Capricorn Coast,Alive,,,,,,,,1,,,,,1
Tiger Shark,>= 2m,Shark,Female,Active,2-3m,Tannum Sands Drum 11,Tannum Sands,Gladstone,Alive,,,,,,,,1,,,,,1
Tiger Shark,>= 2m,Shark,Female,Active,2-3m,Tannum Sands Drum 2,Tannum Sands,Gladstone,Alive,,,,,,,1,,,,,,1
Tiger Shark,>= 2m,Shark,Female,Active,2-3m,Tannum Sands Drum 2,Tannum Sands,Gladstone,Dead,,,,,,,,,1,,,,1
Tiger Shark,>= 2m,Shark,Female,Active,2-3m,Tannum Sands Drum 2,Tannum Sands,Gladstone Total,,,,,,,,1,,1,,,,2
Tiger Shark,>= 2m,Shark,Female,Active,2-3m,Tannum Sands Drum 4,Tannum Sands,Gladstone,Dead,,,,,,,,1,,,,,1
Tiger Shark,>= 2m,Shark,Female,Active,2-3m,Tannum Sands Drum 5,Tannum Sands,Gladstone,Alive,,,,,1,,,,,,,,1
Tiger Shark,>= 2m,Shark,Female,Active,2-3m,The Strand Drum 47,The Strand,Townsville,Alive,,1,,,,,,,,,,,1
Tiger Shark,>= 2m,Shark,Female,Active,2-3m,Trinity Drum 25,Trinity,Cairns,Dead,,,,,,,,1,,,,,1
Tiger Shark,>= 2m,Shark,Female,Active,2-3m,Tugun Beach Drum 24,Tugun Beach,Gold Coast,Dead,1,,,,,,,,,,,,1
Tiger Shark,>= 2m,Shark,Female,Active,2-3m,Woorim (Bribie Island) Drum 76,Woorim (Bribie Island),Bribie Island,Alive,,,,,,,,,,1,,,1
Tiger Shark,>= 2m,Shark,Female,Active,2-3m Total,,,,,2,6,,5,5,7,4,9,4,3,6,2,53
Tiger Shark,>= 2m,Shark,Female,Active,3-4m,Alma Bay Drum 16,Alma Bay,Townsville,Dead,,,,,,,,1,,,,,1
Tiger Shark,>= 2m,Shark,Female,Active,3-4m,Buchans Drum 9,Buchans,Cairns,Dead,1,,,,,,,,,,,,1
Tiger Shark,>= 2m,Shark,Female,Active,3-4m,Caloundra Beach Drum 57,Caloundra Beach,Sunshine Coast South,Alive,,,,,,,,,1,,,,1
Tiger Shark,>= 2m,Shark,Female,Active,3-4m,Cylinder Beach Drum 20,Cylinder Beach,Nth Stradbroke Is.,Alive,,,,,,,,,,1,,,1
Tiger Shark,>= 2m,Shark,Female,Active,3-4m,Cylinder Beach Drum 21,Cylinder Beach,Nth Stradbroke Is.,Alive,,,,,,,1,,,,,,1
Tiger Shark,>= 2m,Shark,Female,Active,3-4m,Ellis Beach Drum 2,Ellis Beach,Cairns,Dead,,,1,,,,,,,,,,1
Tiger Shark,>= 2m,Shark,Female,Active,3-4m,Farnborough Beach Drum 1,Farnborough Beach,Capricorn Coast,Alive,,,,,,,,,,1,,,1
Tiger Shark,>= 2m,Shark,Female,Active,3-4m,Harbour Beach Drum 38,Harbour Beach,Mackay,Alive,,,,,,,,,1,,,,1
Tiger Shark,>= 2m,Shark,Female,Active,3-4m,Hyatt Resort Drum 25,Hyatt Resort,Sunshine Coast North,Alive,,,,,,,,,1,,,,1
Tiger Shark,>= 2m,Shark,Female,Active,3-4m,Kellys Beach Drum 18,Kellys Beach,Bundaberg,Dead,,,,,,,,,,,,1,1
Tiger Shark,>= 2m,Shark,Female,Active,3-4m,Kellys Beach Drum 19,Kellys Beach,Bundaberg,Dead,,,,,,,,,,1,,,1
Tiger Shark,>= 2m,Shark,Female,Active,3-4m,Lamberts Beach Drum 26,Lamberts Beach,Mackay,Alive,,,,,,,,,,1,,,1
Tiger Shark,>= 2m,Shark,Female,Active,3-4m,Lamberts Beach Drum 26,Lamberts Beach,Mackay,Dead,,,,,,,,,,,1,,1
Tiger Shark,>= 2m,Shark,Female,Active,3-4m,Lamberts Beach Drum 26,Lamberts Beach,Mackay Total,,,,,,,,,,,1,1,,2
Tiger Shark,>= 2m,Shark,Female,Active,3-4m,Mullambin Beach Drum 33,Mullambin Beach,Capricorn Coast,Alive,,,,,,,,1,,,,,1
Tiger Shark,>= 2m,Shark,Female,Active,3-4m,Neilson Park Drum 6,Neilson Park,Bundaberg,Alive,,,,,,,,,2,,,,2
Tiger Shark,>= 2m,Shark,Female,Active,3-4m,Neilson Park Drum 7,Neilson Park,Bundaberg,Alive,,,,,,,,,1,,,,1
Tiger Shark,>= 2m,Shark,Female,Active,3-4m,Nelly Bay Drum 6,Nelly Bay,Townsville,Alive,,,,,,1,,,,,,,1
Tiger Shark,>= 2m,Shark,Female,Active,3-4m,Noosa Drum 1,Noosa,Sunshine Coast North,Alive,,,,,,,1,,,,,,1
Tiger Shark,>= 2m,Shark,Female,Active,3-4m,Noosa Drum 2,Noosa,Sunshine Coast North,Dead,1,,,,,,,,,,,,1
Tiger Shark,>= 2m,Shark,Female,Active,3-4m,Oak Beach Drum 1,Oak Beach,Bundaberg,Alive,,,,,,1,,,,,,,1
Tiger Shark,>= 2m,Shark,Female,Active,3-4m,Ocean Beach Drum 25,Ocean Beach,Nth Stradbroke Is.,Alive,,,,,,,,,1,,,,1
Tiger Shark,>= 2m,Shark,Female,Active,3-4m,Ocean Beach Drum 28,Ocean Beach,Nth Stradbroke Is.,Alive,,,1,,,,,1,,,,,2
Tiger Shark,>= 2m,Shark,Female,Active,3-4m,Ocean Beach Drum 30,Ocean Beach,Nth Stradbroke Is.,Dead,,,,,,,,,,1,,,1
Tiger Shark,>= 2m,Shark,Female,Active,3-4m,Peregian Beach Drum 17,Peregian Beach,Sunshine Coast North,Alive,,,,,,,,,1,,,,1
Tiger Shark,>= 2m,Shark,Female,Active,3-4m,Rainbow Bay Drum 32,Rainbow Bay,Gold Coast,Dead,,,1,,,,,,,,,,1
Tiger Shark,>= 2m,Shark,Female,Active,3-4m,Rainbow Beach Drum 1,Rainbow Beach,Rainbow Beach,Dead,,,,,,,,1,,,,,1
Tiger Shark,>= 2m,Shark,Female,Active,3-4m,Rainbow Beach Drum 3,Rainbow Beach,Rainbow Beach,Alive,,,,,,,1,,,,,,1
Tiger Shark,>= 2m,Shark,Female,Active,3-4m,Tanby Point Drum 40,Tanby Point,Capricorn Coast,Alive,,1,,,,,,,,,,,1
Tiger Shark,>= 2m,Shark,Female,Active,3-4m,Tannum Sands Drum 5,Tannum Sands,Gladstone,Dead,,,,,,,,,,,1,,1
Tiger Shark,>= 2m,Shark,Female,Active,3-4m,Tannum Sands Drum 7,Tannum Sands,Gladstone,Dead,,,,,,,,,,1,1,,2
Tiger Shark,>= 2m,Shark,Female,Active,3-4m,Trinity Drum 27,Trinity,Cairns,Alive,,,1,,,,,,,,,,1
Tiger Shark,>= 2m,Shark,Female,Active,3-4m,Woorim (Bribie Island) Drum 74,Woorim (Bribie Island),Bribie Island,Dead,,,,1,,,,,,,,,1
Tiger Shark,>= 2m,Shark,Female,Active,3-4m Total,,,,,2,1,4,1,,2,3,4,8,6,3,1,35
Tiger Shark,>= 2m,Shark,Female,Active,4-5m,Cylinder Beach Drum 22,Cylinder Beach,Nth Stradbroke Is.,Alive,,,,,,,,,,,,1,1
Tiger Shark,>= 2m,Shark,Female,Active,4-5m,Flinders Beach Drum 10,Flinders Beach,Nth Stradbroke Is.,Alive,,,,,,,,1,,,,,1
Tiger Shark,>= 2m,Shark,Female,Active,4-5m,Harbour Beach Drum 40,Harbour Beach,Mackay,Alive,,,,,,,,,1,,,,1
Tiger Shark,>= 2m,Shark,Female,Active,4-5m,Ocean Beach Drum 26,Ocean Beach,Nth Stradbroke Is.,Alive,,,1,,,,,,,,,,1
Tiger Shark,>= 2m,Shark,Female,Active,4-5m,Yorkeys Drum 29,Yorkeys,Cairns,Dead,,,,,,,,1,,,,,1
Tiger Shark,>= 2m,Shark,Female,Active,4-5m Total,,,,,,,1,,,,,2,1,,,1,5
Tiger Shark,>= 2m,Shark,Female,Active Total,,,,,,4,7,5,6,5,9,7,15,13,9,9,4,93
Tiger Shark,>= 2m,Shark,Male,Active,2-3m,Alma Bay Drum 15,Alma Bay,Townsville,Dead,,,,1,,,,,,,,,1
Tiger Shark,>= 2m,Shark,Male,Active,2-3m,Alma Bay Drum 17,Alma Bay,Townsville,Alive,,,,,,,,,1,,,,1
Tiger Shark,>= 2m,Shark,Male,Active,2-3m,Alma Bay Drum 18,Alma Bay,Townsville,Alive,,,,,,,1,,,,,,1
Tiger Shark,>= 2m,Shark,Male,Active,2-3m,Alma Bay Drum 18,Alma Bay,Townsville,Dead,,,,,,,,,,,,1,1
Tiger Shark,>= 2m,Shark,Male,Active,2-3m,Alma Bay Drum 18,Alma Bay,Townsville Total,,,,,,,,1,,,,,1,2
Tiger Shark,>= 2m,Shark,Male,Active,2-3m,Alma Bay Drum 19,Alma Bay,Townsville,Alive,,,,,,,1,,,,,,1
Tiger Shark,>= 2m,Shark,Male,Active,2-3m,Bucasia Beach Drum 2,Bucasia Beach,Mackay,Alive,,,,,,,,1,,,,,1
Tiger Shark,>= 2m,Shark,Male,Active,2-3m,Clifton Drum 20,Clifton,Cairns,Dead,,,,,,,,,1,,,,1
Tiger Shark,>= 2m,Shark,Male,Active,2-3m,Clifton Drum 22,Clifton,Cairns,Dead,,,,,,,,,,,1,,1
Tiger Shark,>= 2m,Shark,Male,Active,2-3m,Cylinder Beach Drum 23,Cylinder Beach,Nth Stradbroke Is.,Alive,,,,,,,,,,1,,,1
Tiger Shark,>= 2m,Shark,Male,Active,2-3m,Farnborough Beach Drum 1,Farnborough Beach,Capricorn Coast,Alive,1,,,,,,,,,,,,1
Tiger Shark,>= 2m,Shark,Male,Active,2-3m,Florence Bay Drum 21,Florence Bay,Townsville,Alive,,,,,,,1,,,,,,1
Tiger Shark,>= 2m,Shark,Male,Active,2-3m,Florence Bay Drum 22,Florence Bay,Townsville,Alive,,,,,,1,,,,,,,1
Tiger Shark,>= 2m,Shark,Male,Active,2-3m,Florence Bay Drum 23,Florence Bay,Townsville,Alive,,,,,1,,,,,,,,1
Tiger Shark,>= 2m,Shark,Male,Active,2-3m,Florence Bay Drum 24,Florence Bay,Townsville,Alive,,,,,,,,,,,1,,1
Tiger Shark,>= 2m,Shark,Male,Active,2-3m,Harbour Beach Drum 44,Harbour Beach,Mackay,Alive,,,,,,1,,,,,,,1
Tiger Shark,>= 2m,Shark,Male,Active,2-3m,Harbour Beach Net 1,Harbour Beach,Mackay,Dead,,,,,,,,1,,,,,1
Tiger Shark,>= 2m,Shark,Male,Active,2-3m,Horseshoe Bay Drum 31,Horseshoe Bay,Townsville,Dead,,,,,,1,,,,,,,1
Tiger Shark,>= 2m,Shark,Male,Active,2-3m,Horseshoe Bay Drum 37,Horseshoe Bay,Townsville,Dead,1,,,,,,,,,,,,1
Tiger Shark,>= 2m,Shark,Male,Active,2-3m,Kellys Beach Drum 12,Kellys Beach,Bundaberg,Alive,,,,,,,,,,1,,,1
Tiger Shark,>= 2m,Shark,Male,Active,2-3m,Kellys Beach Drum 15,Kellys Beach,Bundaberg,Alive,,1,,,,,,,,,,,1
Tiger Shark,>= 2m,Shark,Male,Active,2-3m,Kellys Beach Drum 16,Kellys Beach,Bundaberg,Alive,,,,,,1,,,,,,,1
Tiger Shark,>= 2m,Shark,Male,Active,2-3m,Kellys Beach Drum 19,Kellys Beach,Bundaberg,Alive,,,,,,,,,,,1,,1
Tiger Shark,>= 2m,Shark,Male,Active,2-3m,Nelly Bay Drum 11,Nelly Bay,Townsville,Dead,,,,,,,1,,,,,,1
Tiger Shark,>= 2m,Shark,Male,Active,2-3m,North Kirra Beach Drum 27,North Kirra Beach,Gold Coast,Dead,,,,,,,,1,,,,,1
Tiger Shark,>= 2m,Shark,Male,Active,2-3m,Palm Cove Drum 18,Palm Cove,Cairns,Alive,,,,1,,,,,,,,,1
Tiger Shark,>= 2m,Shark,Male,Active,2-3m,Radical Bay Drum 29,Radical Bay,Townsville,Dead,1,,,,,,,,,,,,1
Tiger Shark,>= 2m,Shark,Male,Active,2-3m,Rainbow Beach Drum 6,Rainbow Beach,Rainbow Beach,Alive,,,,,,,,,1,,,,1
Tiger Shark,>= 2m,Shark,Male,Active,2-3m,Rainbow Beach Net 1,Rainbow Beach,Rainbow Beach,Dead,,,,,1,,,,,,,,1
Tiger Shark,>= 2m,Shark,Male,Active,2-3m,Rainbow Beach Net 2,Rainbow Beach,Rainbow Beach,Dead,,,,,,,,,1,,,,1
Tiger Shark,>= 2m,Shark,Male,Active,2-3m,South Lamberts Drum 34,South Lamberts,Mackay,Alive,,,,,,,1,,,,,,1
Tiger Shark,>= 2m,Shark,Male,Active,2-3m,Sunshine Beach Drum 6,Sunshine Beach,Sunshine Coast North,Dead,,,,,,,,1,,,,,1
Tiger Shark,>= 2m,Shark,Male,Active,2-3m,Trinity Drum 26,Trinity,Cairns,Alive,,1,,,,,,,,,,,1
Tiger Shark,>= 2m,Shark,Male,Active,2-3m,Trinity Drum 27,Trinity,Cairns,Alive,,1,,,,,,,,,,,1
Tiger Shark,>= 2m,Shark,Male,Active,2-3m,Yaroomba Beach Drum 22,Yaroomba Beach,Sunshine Coast North,Alive,,,,,,,,,,1,,,1
Tiger Shark,>= 2m,Shark,Male,Active,2-3m Total,,,,,3,3,,2,2,4,5,4,4,3,3,1,34
Tiger Shark,>= 2m,Shark,Male,Active,3-4m,Bucasia Beach Drum 3,Bucasia Beach,Mackay,Alive,,,,,,,,1,,,,,1
Tiger Shark,>= 2m,Shark,Male,Active,3-4m,Currimundi Beach Drum 50,Currimundi Beach,Sunshine Coast South,Alive,,,,,,,,,1,,,,1
Tiger Shark,>= 2m,Shark,Male,Active,3-4m,Horseshoe Bay Drum 34,Horseshoe Bay,Townsville,Alive,,,,,,,,1,,,,,1
Tiger Shark,>= 2m,Shark,Male,Active,3-4m,Hyatt Resort Drum 23,Hyatt Resort,Sunshine Coast North,Alive,,,,,,,,,,1,,,1
Tiger Shark,>= 2m,Shark,Male,Active,3-4m,Tugun Beach Drum 24,Tugun Beach,Gold Coast,Alive,,,,,,,1,,,,,,1
Tiger Shark,>= 2m,Shark,Male,Active,3-4m Total,,,,,,,,,,,1,2,1,1,,,5
Tiger Shark,>= 2m,Shark,Male,Active Total,,,,,,3,3,,2,2,4,6,6,5,4,3,1,39
Tiger Shark,>= 2m,Shark,Unknown,Active,2-3m,Cylinder Beach Drum 21,Cylinder Beach,Nth Stradbroke Is.,Dead,,,,,,,,,,,1,,1
Tiger Shark,>= 2m,Shark,Unknown,Active,2-3m,Florence Bay Drum 22,Florence Bay,Townsville,Dead,,,,,,,,,1,,,,1
Tiger Shark,>= 2m,Shark,Unknown,Active,2-3m,Florence Bay Drum 24,Florence Bay,Townsville,Dead,,,,,,,1,,,,,,1
Tiger Shark,>= 2m,Shark,Unknown,Active,2-3m,Kellys Beach Drum 15,Kellys Beach,Bundaberg,Dead,,1,,,,,,,,,,,1
Tiger Shark,>= 2m,Shark,Unknown,Active,2-3m Total,,,,,,1,,,,,1,,1,,1,,4
Tiger Shark,>= 2m,Shark,Unknown,Active,3-4m,Florence Bay Drum 23,Florence Bay,Townsville,Dead,,,,,,,,,1,,,,1
Tiger Shark,>= 2m,Shark,Unknown,Active,3-4m,The Strand Drum 49,The Strand,Townsville,Dead,,,,,,,,,,1,,,1
Tiger Shark,>= 2m,Shark,Unknown,Active,3-4m Total,,,,,,,,,,,,,1,1,,,2
Tiger Shark,>= 2m,Shark,Unknown,Active Total,,,,,,,1,,,,,1,,2,1,1,,6
Tiger Shark,>= 2m,Shark Total,,,,,,,,7,11,5,8,7,13,14,21,20,14,13,5,138
Tiger Shark Total,,,,,,,,,,15,16,9,13,13,25,27,26,28,17,14,7,210
Tuna,Non-shark,Other,Unknown,Active,Non-shark,Marcoola Beach Net 4,Marcoola Beach,Sunshine Coast North,Dead,,,,,,,,,1,,,,1
Tuna,Non-shark,Other,Unknown,Active,Non-shark,Rainbow Beach Net 1,Rainbow Beach,Rainbow Beach,Dead,,,,1,,,,,,,,,1
Tuna,Non-shark,Other,Unknown,Active,Non-shark,Rainbow Beach Net 3,Rainbow Beach,Rainbow Beach,Dead,,,,1,,,,,,,1,,2
Tuna,Non-shark,Other,Unknown,Active,Non-shark,Tallebudgera Beach Net 7,Tallebudgera Beach,Gold Coast,Dead,,,,,,,,,1,,,,1
Tuna,Non-shark,Other,Unknown,Active,Non-shark Total,,,,,,,,2,,,,,2,,1,,5
Unknown Shark,< 2m,Shark,Female,Active,1-2m,Coolangatta Beach Net 11,Coolangatta Beach,Gold Coast,Dead,,1,,,,,,,,,,,1
Unknown Shark,< 2m,Shark,Female,Active,1-2m,Neilson Park Drum 5,Neilson Park,Bundaberg,Dead,,,,,,,,,,,,1,1
Unknown Shark,< 2m,Shark,Female,Active,1-2m Total,,,,,,1,,,,,,,,,,1,2
Unknown Shark,< 2m,Shark,Unknown,Active,0-1m,Farnborough Beach Drum 1,Farnborough Beach,Capricorn Coast,Dead,,,,,,,,,,,,1,1
Unknown Shark,< 2m,Shark,Unknown,Active,0-1m,Florence Bay Drum 22,Florence Bay,Townsville,Dead,,,,,,,,,1,,,,1
Unknown Shark,< 2m,Shark,Unknown,Active,0-1m,Mullambin Beach Drum 35,Mullambin Beach,Capricorn Coast,Dead,,,,,,,,,,1,,,1
Unknown Shark,< 2m,Shark,Unknown,Active,0-1m,Tannum Sands Drum 12,Tannum Sands,Gladstone,Dead,,,,,,,,,,1,,,1
Unknown Shark,< 2m,Shark,Unknown,Active,0-1m Total,,,,,,,,,,,,,1,2,,1,4
Unknown Shark,< 2m,Shark Total,,,,,,,,,1,,,,,,,1,2,,2,6
Weasel Shark,< 2m,Shark,Male,Active,1-2m,Alexandra Headland Net 8,Alexandra Headland,Sunshine Coast North,Dead,,,,,,,,,,,,1,1
White Shark,>= 2m,Shark,Female,Active,2-3m,Burleigh Beach Net 6,Burleigh Beach,Gold Coast,Dead,,,,,,,,2,,,,,2
White Shark,>= 2m,Shark,Female,Active,2-3m,Currumbin Beach Net 8,Currumbin Beach,Gold Coast,Alive,,,,,,,,,1,,,,1
White Shark,>= 2m,Shark,Female,Active,2-3m,Rainbow Bay Drum 28,Rainbow Bay,Gold Coast,Alive,,,,,,,,,,,1,,1
White Shark,>= 2m,Shark,Female,Active,2-3m Total,,,,,,,,,,,,2,1,,1,,4
White Shark,>= 2m,Shark,Female,Active,3-4m,Ocean Beach Drum 24,Ocean Beach,Nth Stradbroke Is.,Dead,,,,,,,2,,,,,,2
White Shark,>= 2m,Shark,Female,Active,3-4m,Rainbow Beach Drum 11,Rainbow Beach,Rainbow Beach,Alive,,,,,,,1,,,,,,1
White Shark,>= 2m,Shark,Female,Active,3-4m,Tallebudgera Beach Net 7,Tallebudgera Beach,Gold Coast,Dead,,,,,,,,,,,1,,1
White Shark,>= 2m,Shark,Female,Active,3-4m Total,,,,,,,,,,,3,,,,1,,4
White Shark,>= 2m,Shark,Female,Active,4-5m,Sunshine Beach Drum 5,Sunshine Beach,Sunshine Coast North,Alive,,,,,,,1,,,,,,1
White Shark,>= 2m,Shark,Female,Active Total,,,,,,,,,,,,4,2,1,,2,,9
White Shark,>= 2m,Shark,Male,Active,2-3m,Burleigh Beach Net 6,Burleigh Beach,Gold Coast,Dead,,,,,,,,,1,,,,1
White Shark,>= 2m,Shark,Male,Active,2-3m,Northcliffe Beach Drum 14,Northcliffe Beach,Gold Coast,Dead,,,,,1,,,,,,,,1
White Shark,>= 2m,Shark,Male,Active,2-3m Total,,,,,,,,,1,,,,1,,,,2
White Shark,>= 2m,Shark Total,,,,,,,,,,,,1,,4,2,2,,2,,11
White-Spotted Eagle,Non-shark,Other,Unknown,Active,Non-shark,Coolangatta Beach Net 11,Coolangatta Beach,Gold Coast,Dead,,,,,,,,,,,1,,1
White-Spotted Eagle,Non-shark,Other,Unknown,Active,Non-shark,Coolum Beach Net 3,Coolum Beach,Sunshine Coast North,Alive,,,,,,,,,,,,1,1
White-Spotted Eagle,Non-shark,Other,Unknown,Active,Non-shark Total,,,,,,,,,,,,,,,1,1,2
White-Spotted Guitar,Non-shark,Other,Female,Active,Non-shark,The Strand Drum 54,The Strand,Townsville,Dead,,,,,,1,,,,,,,1
Zebra Shark,< 2m,Shark,Female,Active,1-2m,Bucasia Beach Drum 3,Bucasia Beach,Mackay,Alive,,,,,,,,,1,,,,1
Zebra Shark,< 2m,Shark,Female,Active,1-2m,Burleigh Beach Net 6,Burleigh Beach,Gold Coast,Alive,1,,,,,,,,,,,,1
Zebra Shark,< 2m,Shark,Female,Active,1-2m Total,,,,,1,,,,,,,,1,,,,2
Zebra Shark,>= 2m,Shark,Unknown,Active,2-3m,Coolangatta Beach Net 11,Coolangatta Beach,Gold Coast,Alive,,1,,,,,,,,,,,1
Zebra Shark Total,,,,,,,,,,1,1,,,,,,,1,,,,3
Grand Total,,,,,,,,,,54,60,39,37,35,43,57,59,66,59,66,67,642
